4.950240866683813
4.950076430311292
4.950076430311292
4.950240866683813
4.949911993938896
4.949911993938896
4.950240866683813
4.950240866683813
4.949747557566626
4.950076430311292
4.949911993938896
4.949911993938896
4.949747557566626
4.950076430311292
4.950076430311292
4.950076430311292
4.950076430311292
4.949911993938896
4.949747557566626
4.949911993938896
4.950076430311292
4.950076430311292
4.950076430311292
4.950076430311292
4.950076430311292
4.950076430311292
4.949911993938896
4.949911993938896
4.949747557566626
4.949911993938896
4.950076430311292
4.949911993938896
4.949911993938896
4.949747557566626
4.949583121194482
4.949911993938896
4.949911993938896
4.949583121194482
4.949911993938896
4.949747557566626
4.950076430311292
4.949911993938896
4.949911993938896
4.950076430311292
4.949911993938896
4.950076430311292
4.949747557566626
4.949747557566626
4.949747557566626
4.949911993938896
4.949911993938896
4.949747557566626
4.949747557566626
4.949911993938896
4.949911993938896
4.950076430311292
4.949911993938896
4.949583121194482
4.949911993938896
4.949747557566626
4.949911993938896
4.949747557566626
4.949911993938896
4.949747557566626
4.949583121194482
4.949418684822461
4.949583121194482
4.949747557566626
4.949911993938896
4.949418684822461
4.949747557566626
4.949583121194482
4.949747557566626
4.949747557566626
4.949583121194482
4.949747557566626
4.949911993938896
4.949747557566626
4.949911993938896
4.949747557566626
4.949747557566626
4.949747557566626
4.949911993938896
4.949747557566626
4.949747557566626
4.949747557566626
4.949747557566626
4.949747557566626
4.949747557566626
4.949747557566626
4.949747557566626
4.949418684822461
4.949583121194482
4.949747557566626
4.949747557566626
4.949583121194482
4.949911993938896
4.949418684822461
4.949747557566626
4.949583121194482
4.949747557566626
4.949747557566626
4.949418684822461
4.949583121194482
4.949747557566626
4.949583121194482
4.949747557566626
4.949418684822461
4.949583121194482
4.949747557566626
4.949583121194482
4.949747557566626
4.949747557566626
4.949583121194482
4.949747557566626
4.949747557566626
4.949747557566626
4.949583121194482
4.949747557566626
4.949747557566626
4.949911993938896
4.949747557566626
4.949747557566626
4.949747557566626
4.949583121194482
4.949911993938896
4.949747557566626
4.949418684822461
4.949747557566626
4.949747557566626
4.949583121194482
4.949911993938896
4.949747557566626
4.949747557566626
4.949583121194482
4.949747557566626
4.949747557566626
4.949747557566626
4.949747557566626
4.949747557566626
4.949747557566626
4.949747557566626
4.949911993938896
4.949911993938896
4.949747557566626
4.949747557566626
4.949747557566626
4.949911993938896
4.949911993938896
4.949911993938896
4.949747557566626
4.949747557566626
4.949911993938896
4.949911993938896
4.949747557566626
4.949911993938896
4.949911993938896
4.949747557566626
4.949911993938896
4.949911993938896
4.949911993938896
4.950076430311292
4.949911993938896
4.949747557566626
4.950076430311292
4.949911993938896
4.949911993938896
4.949747557566626
4.950076430311292
4.949911993938896
4.949911993938896
4.949911993938896
4.950076430311292
4.950076430311292
4.949911993938896
4.949911993938896
4.949911993938896
4.949911993938896
4.950240866683813
4.949747557566626
4.949911993938896
4.949911993938896
4.949747557566626
4.950076430311292
4.949911993938896
4.949911993938896
4.950076430311292
4.950076430311292
4.949911993938896
4.950076430311292
4.949911993938896
4.949747557566626
4.950076430311292
4.949911993938896
4.949911993938896
4.950076430311292
4.949911993938896
4.949747557566626
4.949911993938896
4.950076430311292
4.949747557566626
4.949911993938896
4.950076430311292
4.950076430311292
4.950076430311292
4.950076430311292
4.950076430311292
4.950076430311292
4.950076430311292
4.950076430311292
4.949911993938896
4.950076430311292
4.950076430311292
4.950076430311292
4.949911993938896
4.949911993938896
4.949911993938896
4.949911993938896
4.949911993938896
4.950240866683813
4.950076430311292
4.949911993938896
4.949911993938896
4.949911993938896
4.950076430311292
4.950076430311292
4.949911993938896
4.949911993938896
4.950076430311292
4.950240866683813
4.949911993938896
4.949911993938896
4.949911993938896
4.950076430311292
4.949747557566626
4.949911993938896
4.949911993938896
4.949911993938896
4.949911993938896
4.950240866683813
4.949911993938896
4.950076430311292
4.949911993938896
4.950076430311292
4.950405303056457
4.949911993938896
4.949747557566626
4.949911993938896
4.949911993938896
4.949911993938896
4.950240866683813
4.950076430311292
4.949911993938896
4.949911993938896
4.949911993938896
4.949747557566626
4.949747557566626
4.949911993938896
4.949911993938896
4.949747557566626
4.950076430311292
4.950076430311292
4.950076430311292
4.950076430311292
4.949911993938896
4.950076430311292
4.950240866683813
4.950076430311292
4.949911993938896
4.949911993938896
4.950076430311292
4.949911993938896
4.950076430311292
4.949911993938896
4.949911993938896
4.950076430311292
4.949911993938896
4.950076430311292
4.949911993938896
4.949747557566626
4.949911993938896
4.950240866683813
4.949911993938896
4.950076430311292
4.949747557566626
4.950076430311292
4.949911993938896
4.949911993938896
4.949747557566626
4.949911993938896
4.950076430311292
4.950076430311292
4.949911993938896
4.949911993938896
4.949911993938896
4.949583121194482
4.949911993938896
4.949911993938896
4.949911993938896
4.949747557566626
4.949911993938896
4.949911993938896
4.949911993938896
4.949583121194482
4.949747557566626
4.950076430311292
4.949747557566626
4.949911993938896
4.950076430311292
4.949747557566626
4.949418684822461
4.950076430311292
4.949747557566626
4.949911993938896
4.949911993938896
4.949911993938896
4.949911993938896
4.949911993938896
4.949747557566626
4.949747557566626
4.949747557566626
4.949911993938896
4.949747557566626
4.949747557566626
4.949911993938896
4.949583121194482
4.949911993938896
4.950076430311292
4.949747557566626
4.949911993938896
4.949747557566626
4.949747557566626
4.949911993938896
4.949747557566626
4.949747557566626
4.949747557566626
4.949747557566626
4.949747557566626
4.949911993938896
4.949747557566626
4.949747557566626
4.949911993938896
4.949583121194482
4.949747557566626
4.950076430311292
4.949911993938896
4.949911993938896
4.949747557566626
4.950076430311292
4.950076430311292
4.949747557566626
4.949911993938896
4.949911993938896
4.949747557566626
4.949911993938896
4.949911993938896
4.949747557566626
4.949583121194482
4.949747557566626
4.949583121194482
4.949747557566626
4.949747557566626
4.949418684822461
4.949583121194482
4.949747557566626
4.949583121194482
4.949747557566626
4.949747557566626
4.949583121194482
4.949747557566626
4.949747557566626
4.949747557566626
4.949583121194482
4.949747557566626
4.949911993938896
4.949747557566626
4.949583121194482
4.949747557566626
4.949747557566626
4.949418684822461
4.949418684822461
4.949583121194482
4.949747557566626
4.949747557566626
4.949418684822461
4.949583121194482
4.949747557566626
4.949911993938896
4.949747557566626
4.949583121194482
4.949911993938896
4.949747557566626
4.949747557566626
4.949747557566626
4.949747557566626
4.949911993938896
4.949747557566626
4.949583121194482
4.949747557566626
4.949911993938896
4.949583121194482
4.949747557566626
4.949747557566626
4.949911993938896
4.949583121194482
4.949747557566626
4.949911993938896
4.949911993938896
4.949747557566626
4.949747557566626
4.949747557566626
4.949747557566626
4.949747557566626
4.949747557566626
4.949911993938896
4.949747557566626
4.949911993938896
4.949911993938896
4.950076430311292
4.949747557566626
4.949747557566626
4.949747557566626
4.949747557566626
4.950076430311292
4.949911993938896
4.949747557566626
4.949911993938896
4.949911993938896
4.950076430311292
4.949747557566626
4.949747557566626
4.949747557566626
4.949583121194482
4.949747557566626
4.949747557566626
4.949911993938896
4.949911993938896
4.949747557566626
4.949911993938896
4.950076430311292
4.949911993938896
4.949911993938896
4.949911993938896
4.950076430311292
4.949911993938896
4.950240866683813
4.950240866683813
4.950076430311292
4.950076430311292
4.949911993938896
4.950076430311292
4.949911993938896
4.949911993938896
4.949911993938896
4.949747557566626
4.949911993938896
4.949911993938896
4.949911993938896
4.950076430311292
4.950076430311292
4.950076430311292
4.949911993938896
4.949911993938896
4.950076430311292
4.950076430311292
4.949911993938896
4.949911993938896
4.949911993938896
4.950240866683813
4.950076430311292
4.949911993938896
4.950076430311292
4.950240866683813
4.950405303056457
4.949747557566626
4.950076430311292
4.949911993938896
4.950240866683813
4.949911993938896
4.949911993938896
4.950240866683813
4.950076430311292
4.950076430311292
4.949911993938896
4.949911993938896
4.950076430311292
4.950076430311292
4.950240866683813
4.949911993938896
4.949911993938896
4.950076430311292
4.950405303056457
4.949911993938896
4.950240866683813
4.950076430311292
4.950405303056457
4.950240866683813
4.950405303056457
4.950076430311292
4.950240866683813
4.950076430311292
4.950076430311292
4.950076430311292
4.949911993938896
4.950240866683813
4.950240866683813
4.950076430311292
4.950076430311292
4.950076430311292
4.949747557566626
4.950076430311292
4.950240866683813
4.950240866683813
4.950240866683813
4.950240866683813
4.950076430311292
4.950076430311292
4.950240866683813
4.950076430311292
4.950076430311292
4.950076430311292
4.950076430311292
4.950076430311292
4.950076430311292
4.949911993938896
4.950076430311292
4.950076430311292
4.949911993938896
4.950076430311292
4.950240866683813
4.949911993938896
4.949911993938896
4.949911993938896
4.949911993938896
4.950076430311292
4.950076430311292
4.950076430311292
4.949911993938896
4.950240866683813
4.950076430311292
4.950076430311292
4.950076430311292
4.950076430311292
4.950076430311292
4.950076430311292
4.950076430311292
4.950240866683813
4.950076430311292
4.950076430311292
4.950405303056457
4.950405303056457
4.950405303056457
4.950240866683813
4.950076430311292
4.950076430311292
4.950076430311292
4.949747557566626
4.950240866683813
4.949911993938896
4.949747557566626
4.949911993938896
4.949911993938896
4.949911993938896
4.949911993938896
4.949911993938896
4.950076430311292
4.950405303056457
4.950076430311292
4.950076430311292
4.950076430311292
4.950076430311292
4.949911993938896
4.950076430311292
4.950076430311292
4.950076430311292
4.949911993938896
4.950405303056457
4.949911993938896
4.950076430311292
4.949911993938896
4.950076430311292
4.950076430311292
4.950076430311292
4.950076430311292
4.949911993938896
4.949911993938896
4.949911993938896
4.949911993938896
4.950076430311292
4.949911993938896
4.950076430311292
4.949911993938896
4.949911993938896
4.950076430311292
4.950240866683813
4.950240866683813
4.950076430311292
4.949911993938896
4.949911993938896
4.949911993938896
4.950076430311292
4.950076430311292
4.949418684822461
4.949911993938896
4.949747557566626
4.950076430311292
4.949911993938896
4.949747557566626
4.950076430311292
4.949911993938896
4.950076430311292
4.949747557566626
4.949911993938896
4.949911993938896
4.949911993938896
4.949747557566626
4.949911993938896
4.949747557566626
4.949747557566626
4.949911993938896
4.949747557566626
4.949911993938896
4.949911993938896
4.949911993938896
4.949911993938896
4.949911993938896
4.949747557566626
4.949911993938896
4.949911993938896
4.949747557566626
4.949747557566626
4.949747557566626
4.949747557566626
4.949911993938896
4.949747557566626
4.949911993938896
4.949747557566626
4.949583121194482
4.949747557566626
4.949747557566626
4.949911993938896
4.949747557566626
4.949747557566626
4.949911993938896
4.949911993938896
4.949911993938896
4.949747557566626
4.950076430311292
4.949747557566626
4.949911993938896
4.949583121194482
4.949747557566626
4.949911993938896
4.949911993938896
4.949747557566626
4.949911993938896
4.949747557566626
4.949747557566626
4.949747557566626
4.949747557566626
4.949747557566626
4.949418684822461
4.949583121194482
4.949583121194482
4.949747557566626
4.949911993938896
4.949747557566626
4.949747557566626
4.949583121194482
4.949747557566626
4.949418684822461
4.949747557566626
4.949583121194482
4.949747557566626
4.949747557566626
4.949583121194482
4.949911993938896
4.949911993938896
4.949747557566626
4.949583121194482
4.949583121194482
4.949583121194482
4.949747557566626
4.949747557566626
4.949747557566626
4.949583121194482
4.949583121194482
4.949911993938896
4.950076430311292
4.949911993938896
4.949911993938896
4.949911993938896
4.950076430311292
4.949911993938896
4.949747557566626
4.949747557566626
4.949747557566626
4.949583121194482
4.949747557566626
4.949911993938896
4.949911993938896
4.950076430311292
4.949747557566626
4.949747557566626
4.949911993938896
4.949747557566626
4.950076430311292
4.950076430311292
4.949911993938896
4.949911993938896
4.949911993938896
4.949911993938896
4.949747557566626
4.950076430311292
4.949911993938896
4.949911993938896
4.949911993938896
4.949911993938896
4.949911993938896
4.950076430311292
4.949911993938896
4.950076430311292
4.950076430311292
4.950076430311292
4.950076430311292
4.949911993938896
4.949747557566626
4.949911993938896
4.949911993938896
4.949911993938896
4.950076430311292
4.949911993938896
4.949911993938896
4.950076430311292
4.950076430311292
4.950076430311292
4.950076430311292
4.950076430311292
4.950076430311292
4.950240866683813
4.950076430311292
4.949911993938896
4.949911993938896
4.950240866683813
4.950076430311292
4.950240866683813
4.950076430311292
4.950076430311292
4.950076430311292
4.950076430311292
4.950076430311292
4.950076430311292
4.950076430311292
4.950240866683813
4.950240866683813
4.950076430311292
4.950076430311292
4.950076430311292
4.949911993938896
4.950076430311292
4.950076430311292
4.949911993938896
4.949911993938896
4.949911993938896
4.949911993938896
4.949911993938896
4.950076430311292
4.949911993938896
4.950076430311292
4.949911993938896
4.950076430311292
4.949911993938896
4.950076430311292
4.949911993938896
4.949911993938896
4.950076430311292
4.950076430311292
4.950076430311292
4.949911993938896
4.949747557566626
4.950076430311292
4.950076430311292
4.949911993938896
4.950076430311292
4.950240866683813
4.949911993938896
4.949911993938896
4.950076430311292
4.949747557566626
4.950076430311292
4.950076430311292
4.950076430311292
4.950076430311292
4.950240866683813
4.950240866683813
4.949911993938896
4.950240866683813
4.950240866683813
4.949911993938896
4.950076430311292
4.950076430311292
4.950076430311292
4.950405303056457
4.950076430311292
4.949911993938896
4.950405303056457
4.950076430311292
4.950076430311292
4.950076430311292
4.949911993938896
4.950240866683813
4.950076430311292
4.950076430311292
4.950076430311292
4.949911993938896
4.950076430311292
4.950076430311292
4.950240866683813
4.950240866683813
4.950076430311292
4.950076430311292
4.950405303056457
4.950240866683813
4.950076430311292
4.950405303056457
4.950076430311292
4.950405303056457
4.950405303056457
4.950240866683813
4.950076430311292
4.950405303056457
4.950240866683813
4.949911993938896
4.950076430311292
4.950076430311292
4.950076430311292
4.949911993938896
4.949911993938896
4.950076430311292
4.949747557566626
4.950076430311292
4.949911993938896
4.949911993938896
4.949911993938896
4.950240866683813
4.950076430311292
4.949911993938896
4.949911993938896
4.949911993938896
4.950240866683813
4.950076430311292
4.950240866683813
4.949911993938896
4.949911993938896
4.949911993938896
4.950076430311292
4.950076430311292
4.950076430311292
4.949911993938896
4.950240866683813
4.950240866683813
4.950076430311292
4.949747557566626
4.949911993938896
4.949911993938896
4.950076430311292
4.949747557566626
4.949911993938896
4.949911993938896
4.949911993938896
4.950076430311292
4.949911993938896
4.949911993938896
4.949747557566626
4.949911993938896
4.949911993938896
4.949911993938896
4.949747557566626
4.949747557566626
4.949747557566626
4.949747557566626
4.949747557566626
4.949583121194482
4.949747557566626
4.949747557566626
4.949911993938896
4.949911993938896
4.949747557566626
4.949747557566626
4.949747557566626
4.949911993938896
4.949911993938896
4.949747557566626
4.949911993938896
4.949911993938896
4.949911993938896
4.949911993938896
4.949911993938896
4.949911993938896
4.950076430311292
4.949583121194482
4.949747557566626
4.949583121194482
4.949583121194482
4.949911993938896
4.949747557566626
4.949583121194482
4.949911993938896
4.949911993938896
4.949583121194482
4.949911993938896
4.949747557566626
4.949583121194482
4.949911993938896
4.949747557566626
4.949747557566626
4.949911993938896
4.949911993938896
4.949418684822461
4.949911993938896
4.949911993938896
4.949418684822461
4.949911993938896
4.949747557566626
4.949583121194482
4.949747557566626
4.949583121194482
4.949747557566626
4.949747557566626
4.949747557566626
4.949583121194482
4.949747557566626
4.949911993938896
4.949747557566626
4.949911993938896
4.949747557566626
4.949911993938896
4.950076430311292
4.949747557566626
4.949583121194482
4.949583121194482
4.949911993938896
4.949583121194482
4.949583121194482
4.949747557566626
4.949747557566626
4.949747557566626
4.949747557566626
4.949583121194482
4.949747557566626
4.949583121194482
4.949583121194482
4.949747557566626
4.949583121194482
4.949747557566626
4.949911993938896
4.949747557566626
4.949583121194482
4.949911993938896
4.950076430311292
4.949583121194482
4.949911993938896
4.949911993938896
4.949911993938896
4.949747557566626
4.949583121194482
4.949583121194482
4.949911993938896
4.949911993938896
4.949911993938896
4.949911993938896
4.949747557566626
4.949911993938896
4.949911993938896
4.949911993938896
4.949911993938896
4.950076430311292
4.949747557566626
4.949747557566626
4.949911993938896
4.949911993938896
4.949911993938896
4.949911993938896
4.949911993938896
4.949911993938896
4.950076430311292
4.949911993938896
4.949911993938896
4.949747557566626
4.949747557566626
4.949747557566626
4.949911993938896
4.950076430311292
4.949747557566626
4.949911993938896
4.949911993938896
4.950076430311292
4.949747557566626
4.949747557566626
4.949747557566626
4.949911993938896
4.950240866683813
4.949911993938896
4.950240866683813
4.949911993938896
4.949747557566626
4.950076430311292
4.949911993938896
4.949911993938896
4.949911993938896
4.950076430311292
4.950076430311292
4.949911993938896
4.950076430311292
4.949911993938896
4.949911993938896
4.950076430311292
4.949747557566626
4.949911993938896
4.949911993938896
4.949911993938896
4.949747557566626
4.950076430311292
4.949911993938896
4.949911993938896
4.949911993938896
4.950076430311292
4.950076430311292
4.949911993938896
4.949911993938896
4.950240866683813
4.950076430311292
4.949911993938896
4.950076430311292
4.949911993938896
4.949911993938896
4.950240866683813
4.950076430311292
4.950076430311292
4.950076430311292
4.950076430311292
4.950240866683813
4.950076430311292
4.950076430311292
4.950076430311292
4.950076430311292
4.950076430311292
4.949911993938896
4.950076430311292
4.950240866683813
4.949911993938896
4.949911993938896
4.949911993938896
4.950076430311292
4.950240866683813
4.950076430311292
4.950076430311292
4.950076430311292
4.950240866683813
4.950076430311292
4.950076430311292
4.950076430311292
4.949911993938896
4.950076430311292
4.950240866683813
4.950240866683813
4.950076430311292
4.950076430311292
4.950240866683813
4.950076430311292
4.950240866683813
4.950076430311292
4.950076430311292
4.950076430311292
4.950076430311292
4.950240866683813
4.950076430311292
4.949911993938896
4.950076430311292
4.949911993938896
4.950240866683813
4.950240866683813
4.950240866683813
4.950076430311292
4.950240866683813
4.950240866683813
4.950076430311292
4.950076430311292
4.949911993938896
4.950076430311292
4.950240866683813
4.950240866683813
4.950405303056457
4.950076430311292
4.949911993938896
4.950240866683813
4.950076430311292
4.949911993938896
4.950405303056457
4.950076430311292
4.950076430311292
4.950076430311292
4.949911993938896
4.950076430311292
4.950405303056457
4.949911993938896
4.950076430311292
4.949911993938896
4.949911993938896
4.950076430311292
4.950240866683813
4.950076430311292
4.950076430311292
4.950240866683813
4.950076430311292
4.949911993938896
4.950240866683813
4.950076430311292
4.950076430311292
4.949911993938896
4.950076430311292
4.950076430311292
4.950076430311292
4.950240866683813
4.949911993938896
4.950405303056457
4.950076430311292
4.950076430311292
4.949911993938896
4.950076430311292
4.950240866683813
4.949911993938896
4.949747557566626
4.950076430311292
4.950076430311292
4.950076430311292
4.950076430311292
4.949911993938896
4.949747557566626
4.949911993938896
4.949911993938896
4.949911993938896
4.949747557566626
4.949747557566626
4.949747557566626
4.950405303056457
4.950076430311292
4.949747557566626
4.949747557566626
4.949911993938896
4.950076430311292
4.949911993938896
4.949747557566626
4.950076430311292
4.950240866683813
4.949911993938896
4.949911993938896
4.949747557566626
4.950076430311292
4.949911993938896
4.949747557566626
4.949747557566626
4.949747557566626
4.949747557566626
4.949747557566626
4.949911993938896
4.949747557566626
4.949911993938896
4.950076430311292
4.949911993938896
4.949747557566626
4.949583121194482
4.949747557566626
4.949911993938896
4.949747557566626
4.949911993938896
4.950076430311292
4.949911993938896
4.950076430311292
4.949911993938896
4.949747557566626
4.949747557566626
4.950076430311292
4.949583121194482
4.949911993938896
4.949747557566626
4.949747557566626
4.949747557566626
4.949747557566626
4.949583121194482
4.949747557566626
4.949747557566626
4.949747557566626
4.949911993938896
4.949911993938896
4.949747557566626
4.949418684822461
4.949747557566626
4.949747557566626
4.949747557566626
4.949747557566626
4.949747557566626
4.949747557566626
4.949747557566626
4.949583121194482
4.949747557566626
4.949747557566626
4.949747557566626
4.949747557566626
4.949911993938896
4.949747557566626
4.949747557566626
4.949747557566626
4.949747557566626
4.949747557566626
4.949747557566626
4.949747557566626
4.949583121194482
4.949747557566626
4.949583121194482
4.949747557566626
4.949747557566626
4.949747557566626
4.949583121194482
4.949583121194482
4.949747557566626
4.949911993938896
4.949747557566626
4.949911993938896
4.949747557566626
4.949747557566626
4.949911993938896
4.950076430311292
4.949747557566626
4.949583121194482
4.949747557566626
4.949747557566626
4.949583121194482
4.949747557566626
4.949747557566626
4.949747557566626
4.949911993938896
4.949911993938896
4.949911993938896
4.949747557566626
4.949911993938896
4.949911993938896
4.949747557566626
4.949747557566626
4.949911993938896
4.950076430311292
4.949911993938896
4.949911993938896
4.949747557566626
4.949911993938896
4.950076430311292
4.949911993938896
4.949747557566626
4.949583121194482
4.949911993938896
4.949911993938896
4.949911993938896
4.949911993938896
4.949911993938896
4.949911993938896
4.949747557566626
4.949747557566626
4.949911993938896
4.949747557566626
4.949911993938896
4.949911993938896
4.949911993938896
4.950076430311292
4.950240866683813
4.950076430311292
4.949911993938896
4.949911993938896
4.949911993938896
4.950240866683813
4.949911993938896
4.949747557566626
4.949911993938896
4.950405303056457
4.950240866683813
4.950240866683813
4.949911993938896
4.950076430311292
4.950076430311292
4.949911993938896
4.950076430311292
4.949747557566626
4.950076430311292
4.950076430311292
4.949911993938896
4.949911993938896
4.949911993938896
4.950076430311292
4.949911993938896
4.950076430311292
4.949911993938896
4.950076430311292
4.950076430311292
4.950076430311292
4.950076430311292
4.949911993938896
4.950076430311292
4.950076430311292
4.949911993938896
4.950076430311292
4.949911993938896
4.949911993938896
4.950405303056457
4.950240866683813
4.950076430311292
4.949911993938896
4.949911993938896
4.950240866683813
4.950076430311292
4.950076430311292
4.950569739429229
4.949911993938896
4.950076430311292
4.950076430311292
4.950405303056457
4.949911993938896
4.950076430311292
4.950240866683813
4.950076430311292
4.950405303056457
4.950240866683813
4.950076430311292
4.950405303056457
4.950240866683813
4.950240866683813
4.950240866683813
4.950240866683813
4.950076430311292
4.950076430311292
4.950076430311292
4.950076430311292
4.950076430311292
4.949911993938896
4.950240866683813
4.950076430311292
4.950076430311292
4.950240866683813
4.950076430311292
4.950076430311292
4.950076430311292
4.949911993938896
4.950405303056457
4.950076430311292
4.950405303056457
4.950240866683813
4.950076430311292
4.950240866683813
4.950076430311292
4.949911993938896
4.949911993938896
4.950240866683813
4.950240866683813
4.950076430311292
4.949911993938896
4.950240866683813
4.950076430311292
4.950076430311292
4.950240866683813
4.950240866683813
4.950076430311292
4.950240866683813
4.950405303056457
4.950076430311292
4.950240866683813
4.950240866683813
4.950240866683813
4.950076430311292
4.950240866683813
4.950076430311292
4.949911993938896
4.949747557566626
4.950076430311292
4.949911993938896
4.949747557566626
4.949911993938896
4.949911993938896
4.949911993938896
4.949911993938896
4.950240866683813
4.950076430311292
4.950076430311292
4.950076430311292
4.949911993938896
4.949911993938896
4.950076430311292
4.949911993938896
4.950240866683813
4.950076430311292
4.950076430311292
4.950076430311292
4.949911993938896
4.950240866683813
4.950076430311292
4.950076430311292
4.949911993938896
4.950076430311292
4.949911993938896
4.950076430311292
4.949911993938896
4.949747557566626
4.949911993938896
4.950076430311292
4.949911993938896
4.949747557566626
4.949747557566626
4.949747557566626
4.949911993938896
4.950076430311292
4.949747557566626
4.949583121194482
4.949747557566626
4.949747557566626
4.949583121194482
4.949911993938896
4.949911993938896
4.949911993938896
4.949911993938896
4.949747557566626
4.949747557566626
4.949911993938896
4.949747557566626
4.949911993938896
4.949911993938896
4.949747557566626
4.949418684822461
4.949911993938896
4.949747557566626
4.949911993938896
4.949911993938896
4.949583121194482
4.949747557566626
4.949254248450567
4.949747557566626
4.949911993938896
4.949747557566626
4.949747557566626
4.949747557566626
4.949911993938896
4.949911993938896
4.949747557566626
4.949747557566626
4.949747557566626
4.949747557566626
4.949747557566626
4.949911993938896
4.949583121194482
4.949747557566626
4.949747557566626
4.949583121194482
4.949583121194482
4.949747557566626
4.949747557566626
4.949583121194482
4.949583121194482
4.949747557566626
4.949583121194482
4.949911993938896
4.949583121194482
4.949418684822461
4.949747557566626
4.949747557566626
4.949747557566626
4.949911993938896
4.949418684822461
4.949747557566626
4.949747557566626
4.949747557566626
4.949583121194482
4.949747557566626
4.949583121194482
4.949583121194482
4.949418684822461
4.949583121194482
4.949911993938896
4.949911993938896
4.949583121194482
4.949747557566626
4.949747557566626
4.949747557566626
4.949747557566626
4.949583121194482
4.949418684822461
4.949583121194482
4.949583121194482
4.949418684822461
4.949747557566626
4.949583121194482
4.949747557566626
4.949747557566626
4.949747557566626
4.949583121194482
4.949747557566626
4.949747557566626
4.949747557566626
4.949583121194482
4.949747557566626
4.949747557566626
4.949418684822461
4.949583121194482
4.949747557566626
4.949747557566626
4.949583121194482
4.949747557566626
4.949747557566626
4.949747557566626
4.949418684822461
4.949583121194482
4.949583121194482
4.949747557566626
4.950076430311292
4.949747557566626
4.949583121194482
4.949911993938896
4.949747557566626
4.949747557566626
4.949747557566626
4.949747557566626
4.949911993938896
4.949911993938896
4.949911993938896
4.949583121194482
4.949747557566626
4.949747557566626
4.949418684822461
4.949583121194482
4.949747557566626
4.949911993938896
4.949911993938896
4.949911993938896
4.949583121194482
4.949583121194482
4.949911993938896
4.949911993938896
4.949911993938896
4.949747557566626
4.949747557566626
4.949911993938896
4.949747557566626
4.949911993938896
4.950076430311292
4.949911993938896
4.949747557566626
4.949911993938896
4.949583121194482
4.949911993938896
4.949747557566626
4.949911993938896
4.949911993938896
4.949911993938896
4.949747557566626
4.949911993938896
4.949747557566626
4.949747557566626
4.949911993938896
4.950076430311292
4.949911993938896
4.949911993938896
4.950076430311292
4.949747557566626
4.950076430311292
4.949911993938896
4.949747557566626
4.950076430311292
4.949747557566626
4.949911993938896
4.950076430311292
4.949911993938896
4.949747557566626
4.949747557566626
4.949911993938896
4.950076430311292
4.949747557566626
4.950076430311292
4.950076430311292
4.949911993938896
4.949747557566626
4.949911993938896
4.949747557566626
4.949747557566626
4.950240866683813
4.949911993938896
4.949747557566626
4.950076430311292
4.950076430311292
4.949911993938896
4.950076430311292
4.950076430311292
4.950076430311292
4.949911993938896
4.949911993938896
4.949911993938896
4.949911993938896
4.949911993938896
4.949747557566626
4.950076430311292
4.950076430311292
4.949911993938896
4.950076430311292
4.949747557566626
4.949911993938896
4.949911993938896
4.950240866683813
4.950076430311292
4.950076430311292
4.950076430311292
4.950076430311292
4.949911993938896
4.950076430311292
4.949911993938896
4.950076430311292
4.949911993938896
4.949911993938896
4.950076430311292
4.950076430311292
4.950076430311292
4.950076430311292
4.950076430311292
4.949911993938896
4.950076430311292
4.949911993938896
4.950076430311292
4.950076430311292
4.949911993938896
4.949911993938896
4.950076430311292
4.950076430311292
4.950076430311292
4.949911993938896
4.950076430311292
4.950076430311292
4.950240866683813
4.950076430311292
4.949747557566626
4.949911993938896
4.949911993938896
4.949911993938896
4.949911993938896
4.949911993938896
4.950076430311292
4.949911993938896
4.949747557566626
4.949911993938896
4.950076430311292
4.949747557566626
4.949911993938896
4.949911993938896
4.949747557566626
4.949911993938896
4.949747557566626
4.949747557566626
4.949911993938896
4.950076430311292
4.949911993938896
4.949911993938896
4.949911993938896
4.950076430311292
4.949911993938896
4.949911993938896
4.949911993938896
4.949911993938896
4.950076430311292
4.949911993938896
4.949747557566626
4.949747557566626
4.949911993938896
4.950076430311292
4.949911993938896
4.949583121194482
4.949747557566626
4.949583121194482
4.949747557566626
4.949747557566626
4.949911993938896
4.949747557566626
4.949747557566626
4.949911993938896
4.949911993938896
4.949747557566626
4.949747557566626
4.949911993938896
4.949747557566626
4.949747557566626
4.949911993938896
4.949911993938896
4.949747557566626
4.949583121194482
4.949911993938896
4.949747557566626
4.949747557566626
4.949911993938896
4.949583121194482
4.949747557566626
4.949747557566626
4.949747557566626
4.949747557566626
4.949747557566626
4.949911993938896
4.949583121194482
4.949418684822461
4.949747557566626
4.949583121194482
4.949747557566626
4.949747557566626
4.949583121194482
4.949747557566626
4.949747557566626
4.949747557566626
4.949583121194482
4.949747557566626
4.949747557566626
4.949418684822461
4.949747557566626
4.949254248450567
4.949583121194482
4.949747557566626
4.949583121194482
4.949583121194482
4.949747557566626
4.949583121194482
4.949747557566626
4.949583121194482
4.949747557566626
4.949747557566626
4.949583121194482
4.949583121194482
4.949583121194482
4.949747557566626
4.949418684822461
4.949418684822461
4.949911993938896
4.949747557566626
4.949583121194482
4.949747557566626
4.949418684822461
4.949583121194482
4.949418684822461
4.949418684822461
4.949583121194482
4.949254248450567
4.949583121194482
4.949747557566626
4.949583121194482
4.949583121194482
4.949583121194482
4.949418684822461
4.949747557566626
4.949583121194482
4.949583121194482
4.949583121194482
4.949583121194482
4.949418684822461
4.949418684822461
4.949418684822461
4.949418684822461
4.949418684822461
4.949747557566626
4.949583121194482
4.949583121194482
4.949418684822461
4.949583121194482
4.949418684822461
4.949583121194482
4.949418684822461
4.949583121194482
4.949418684822461
4.949583121194482
4.949583121194482
4.949747557566626
4.949747557566626
4.949583121194482
4.949583121194482
4.949583121194482
4.949747557566626
4.949583121194482
4.949583121194482
4.949583121194482
4.949747557566626
4.949583121194482
4.949418684822461
4.949747557566626
4.949418684822461
4.949583121194482
4.949747557566626
4.949911993938896
4.949747557566626
4.949747557566626
4.949583121194482
4.949747557566626
4.949747557566626
4.949583121194482
4.949747557566626
4.949583121194482
4.949747557566626
4.949747557566626
4.949583121194482
4.950076430311292
4.949747557566626
4.949911993938896
4.949583121194482
4.949747557566626
4.949911993938896
4.949747557566626
4.949583121194482
4.949747557566626
4.949747557566626
4.949747557566626
4.949583121194482
4.949911993938896
4.949583121194482
4.949911993938896
4.949911993938896
4.949747557566626
4.949747557566626
4.949911993938896
4.949583121194482
4.949583121194482
4.949911993938896
4.949583121194482
4.949747557566626
4.949911993938896
4.949747557566626
4.949911993938896
4.949911993938896
4.949747557566626
4.949911993938896
4.949747557566626
4.949911993938896
4.949911993938896
4.949911993938896
4.949747557566626
4.949911993938896
4.949911993938896
4.949911993938896
4.949747557566626
4.949747557566626
4.949747557566626
4.949747557566626
4.950076430311292
4.949747557566626
4.950076430311292
4.949911993938896
4.950076430311292
4.949747557566626
4.949911993938896
4.950240866683813
4.949911993938896
4.950076430311292
4.949911993938896
4.949911993938896
4.949911993938896
4.949911993938896
4.949911993938896
4.949911993938896
4.949747557566626
4.949911993938896
4.949911993938896
4.949911993938896
4.949747557566626
4.949911993938896
4.949911993938896
4.949911993938896
4.949911993938896
4.949911993938896
4.949911993938896
4.950076430311292
4.949911993938896
4.949911993938896
4.950076430311292
4.949747557566626
4.949911993938896
4.949911993938896
4.949911993938896
4.949911993938896
4.949747557566626
4.949747557566626
4.949747557566626
4.949747557566626
4.950076430311292
4.949747557566626
4.949911993938896
4.949747557566626
4.949911993938896
4.949911993938896
4.949747557566626
4.950076430311292
4.949911993938896
4.949911993938896
4.950076430311292
4.950240866683813
4.949911993938896
4.950076430311292
4.949747557566626
4.950076430311292
4.950076430311292
4.949911993938896
4.949911993938896
4.949747557566626
4.949911993938896
4.950076430311292
4.949911993938896
4.949911993938896
4.949911993938896
4.950076430311292
4.949911993938896
4.950076430311292
4.950076430311292
4.950240866683813
4.950076430311292
4.950076430311292
4.949911993938896
4.949911993938896
4.950240866683813
4.949911993938896
4.949911993938896
4.949911993938896
4.949911993938896
4.950076430311292
4.949911993938896
4.950076430311292
4.950076430311292
4.949911993938896
4.949911993938896
4.950076430311292
4.949911993938896
4.950076430311292
4.950076430311292
4.950076430311292
4.950076430311292
4.950240866683813
4.950240866683813
4.949747557566626
4.949911993938896
4.949911993938896
4.950076430311292
4.949911993938896
4.949911993938896
4.950076430311292
4.950240866683813
4.950076430311292
4.949747557566626
4.950240866683813
4.949911993938896
4.949911993938896
4.949583121194482
4.949747557566626
4.949747557566626
4.949911993938896
4.949911993938896
4.949747557566626
4.949911993938896
4.949911993938896
4.949747557566626
4.949911993938896
4.949747557566626
4.949911993938896
4.949911993938896
4.950240866683813
4.949747557566626
4.949911993938896
4.949911993938896
4.949747557566626
4.949911993938896
4.950076430311292
4.949911993938896
4.949747557566626
4.949911993938896
4.950240866683813
4.949747557566626
4.949747557566626
4.949747557566626
4.949911993938896
4.949747557566626
4.949583121194482
4.949583121194482
4.949747557566626
4.949747557566626
4.949911993938896
4.950076430311292
4.949911993938896
4.949911993938896
4.950076430311292
4.949911993938896
4.949911993938896
4.949418684822461
4.949583121194482
4.949583121194482
4.949747557566626
4.949583121194482
4.949747557566626
4.949747557566626
4.949747557566626
4.949583121194482
4.949418684822461
4.949583121194482
4.949747557566626
4.949418684822461
4.949747557566626
4.949583121194482
4.949747557566626
4.949747557566626
4.949747557566626
4.949747557566626
4.949583121194482
4.949747557566626
4.949747557566626
4.949747557566626
4.949254248450567
4.949583121194482
4.949583121194482
4.949583121194482
4.949747557566626
4.949583121194482
4.949747557566626
4.949254248450567
4.949747557566626
4.949583121194482
4.949747557566626
4.949747557566626
4.949747557566626
4.949583121194482
4.949583121194482
4.949747557566626
4.949583121194482
4.949747557566626
4.949418684822461
4.949583121194482
4.949418684822461
4.949418684822461
4.949418684822461
4.949418684822461
4.949583121194482
4.949583121194482
4.949747557566626
4.949418684822461
4.949747557566626
4.949583121194482
4.949418684822461
4.949747557566626
4.949418684822461
4.949583121194482
4.949747557566626
4.949583121194482
4.949418684822461
4.949583121194482
4.949583121194482
4.949418684822461
4.949747557566626
4.949583121194482
4.949583121194482
4.949747557566626
4.949418684822461
4.949418684822461
4.949583121194482
4.949583121194482
4.949583121194482
4.949418684822461
4.949583121194482
4.949583121194482
4.949747557566626
4.949418684822461
4.949583121194482
4.949418684822461
4.949747557566626
4.949583121194482
4.949583121194482
4.949747557566626
4.949911993938896
4.949911993938896
4.949747557566626
4.949747557566626
4.949911993938896
4.949747557566626
4.949747557566626
4.949583121194482
4.949747557566626
4.949911993938896
4.949747557566626
4.949747557566626
4.949747557566626
4.949747557566626
4.949911993938896
4.949747557566626
4.949747557566626
4.949747557566626
4.949747557566626
4.949747557566626
4.949747557566626
4.949747557566626
4.949747557566626
4.949911993938896
4.949911993938896
4.949747557566626
4.949911993938896
4.950076430311292
4.949911993938896
4.949911993938896
4.949747557566626
4.949911993938896
4.949747557566626
4.949911993938896
4.949911993938896
4.949911993938896
4.949747557566626
4.949911993938896
4.950076430311292
4.949911993938896
4.949747557566626
4.949747557566626
4.949911993938896
4.950076430311292
4.949911993938896
4.949911993938896
4.949911993938896
4.949911993938896
4.950076430311292
4.950076430311292
4.950076430311292
4.949747557566626
4.949747557566626
4.950076430311292
4.949583121194482
4.950076430311292
4.949747557566626
4.949747557566626
4.949911993938896
4.950076430311292
4.949911993938896
4.949911993938896
4.949911993938896
4.950076430311292
4.949911993938896
4.949911993938896
4.949911993938896
4.949911993938896
4.949911993938896
4.950076430311292
4.949911993938896
4.950076430311292
4.950240866683813
4.949747557566626
4.949747557566626
4.950076430311292
4.949911993938896
4.949911993938896
4.950076430311292
4.950076430311292
4.949911993938896
4.949911993938896
4.950240866683813
4.949911993938896
4.949911993938896
4.950076430311292
4.949911993938896
4.950076430311292
4.949911993938896
4.949911993938896
4.949911993938896
4.950076430311292
4.949911993938896
4.949747557566626
4.950076430311292
4.950076430311292
4.950076430311292
4.950076430311292
4.950076430311292
4.950076430311292
4.949911993938896
4.949911993938896
4.949911993938896
4.949747557566626
4.950240866683813
4.949911993938896
4.949911993938896
4.950240866683813
4.950076430311292
4.949911993938896
4.949911993938896
4.950076430311292
4.950076430311292
4.949911993938896
4.949911993938896
4.949911993938896
4.950076430311292
4.950240866683813
4.950076430311292
4.950076430311292
4.949911993938896
4.949747557566626
4.950076430311292
4.950076430311292
4.949911993938896
4.949911993938896
4.949911993938896
4.949911993938896
4.949911993938896
4.950240866683813
4.949911993938896
4.950076430311292
4.950240866683813
4.949911993938896
4.949911993938896
4.949911993938896
4.949911993938896
4.949911993938896
4.949911993938896
4.949911993938896
4.950076430311292
4.949911993938896
4.949911993938896
4.950076430311292
4.950076430311292
4.949911993938896
4.950076430311292
4.949911993938896
4.949911993938896
4.949911993938896
4.950076430311292
4.950076430311292
4.949747557566626
4.949747557566626
4.949911993938896
4.949911993938896
4.949747557566626
4.949747557566626
4.949911993938896
4.949911993938896
4.949911993938896
4.950076430311292
4.949747557566626
4.949911993938896
4.949747557566626
4.949747557566626
4.950076430311292
4.949747557566626
4.949911993938896
4.949747557566626
4.949583121194482
4.949911993938896
4.949747557566626
4.949911993938896
4.949911993938896
4.949911993938896
4.949747557566626
4.949911993938896
4.949747557566626
4.949747557566626
4.950240866683813
4.949747557566626
4.949747557566626
4.949747557566626
4.949911993938896
4.949747557566626
4.949911993938896
4.949747557566626
4.949911993938896
4.949418684822461
4.949583121194482
4.949911993938896
4.949747557566626
4.949747557566626
4.949747557566626
4.949911993938896
4.949583121194482
4.949747557566626
4.949418684822461
4.949747557566626
4.949747557566626
4.949911993938896
4.949911993938896
4.949747557566626
4.949583121194482
4.949747557566626
4.949418684822461
4.949583121194482
4.949747557566626
4.949747557566626
4.949747557566626
4.949911993938896
4.949747557566626
4.949747557566626
4.949583121194482
4.949747557566626
4.949747557566626
4.949583121194482
4.949418684822461
4.949254248450567
4.949418684822461
4.949583121194482
4.949747557566626
4.949747557566626
4.949418684822461
4.949583121194482
4.949418684822461
4.949747557566626
4.949747557566626
4.949911993938896
4.949418684822461
4.949583121194482
4.949747557566626
4.949418684822461
4.949747557566626
4.949583121194482
4.949418684822461
4.949747557566626
4.949747557566626
4.949583121194482
4.949418684822461
4.949747557566626
4.949583121194482
4.949747557566626
4.949583121194482
4.949747557566626
4.949747557566626
4.949583121194482
4.949418684822461
4.949418684822461
4.949747557566626
4.949747557566626
4.949747557566626
4.949583121194482
4.949583121194482
4.949583121194482
4.949418684822461
4.949583121194482
4.949583121194482
4.949583121194482
4.949747557566626
4.949418684822461
4.949583121194482
4.949418684822461
4.949911993938896
4.949911993938896
4.949747557566626
4.949747557566626
4.949418684822461
4.949747557566626
4.949747557566626
4.949583121194482
4.949747557566626
4.949747557566626
4.949747557566626
4.949911993938896
4.949583121194482
4.949583121194482
4.949583121194482
4.949583121194482
4.949418684822461
4.949747557566626
4.949747557566626
4.949747557566626
4.949747557566626
4.949747557566626
4.949583121194482
4.949583121194482
4.949583121194482
4.949747557566626
4.949911993938896
4.949747557566626
4.949911993938896
4.949911993938896
4.949747557566626
4.949911993938896
4.950076430311292
4.949747557566626
4.949747557566626
4.949911993938896
4.950076430311292
4.949911993938896
4.949747557566626
4.949911993938896
4.949747557566626
4.949747557566626
4.949747557566626
4.949747557566626
4.950076430311292
4.949911993938896
4.949583121194482
4.949747557566626
4.949583121194482
4.949911993938896
4.949747557566626
4.949747557566626
4.949583121194482
4.949747557566626
4.949747557566626
4.949911993938896
4.949747557566626
4.949911993938896
4.949911993938896
4.949911993938896
4.949911993938896
4.949583121194482
4.949747557566626
4.949911993938896
4.949747557566626
4.949911993938896
4.950076430311292
4.950076430311292
4.950076430311292
4.950076430311292
4.949911993938896
4.949911993938896
4.949911993938896
4.949747557566626
4.949911993938896
4.949911993938896
4.950076430311292
4.949911993938896
4.949747557566626
4.949747557566626
4.950076430311292
4.949911993938896
4.949911993938896
4.949747557566626
4.949911993938896
4.949911993938896
4.949911993938896
4.950076430311292
4.950076430311292
4.949747557566626
4.949747557566626
4.949911993938896
4.950076430311292
4.950076430311292
4.949747557566626
4.949747557566626
4.949911993938896
4.950076430311292
4.949911993938896
4.949911993938896
4.949911993938896
4.949911993938896
4.949747557566626
4.949911993938896
4.950076430311292
4.950076430311292
4.949747557566626
4.949911993938896
4.950076430311292
4.950076430311292
4.950076430311292
4.950405303056457
4.950076430311292
4.950240866683813
4.950076430311292
4.950076430311292
4.949911993938896
4.949911993938896
4.949911993938896
4.949911993938896
4.950076430311292
4.949911993938896
4.950076430311292
4.949747557566626
4.950076430311292
4.949747557566626
4.950240866683813
4.949911993938896
4.950076430311292
4.950076430311292
4.949911993938896
4.950076430311292
4.949911993938896
4.950240866683813
4.950076430311292
4.950076430311292
4.950076430311292
4.950240866683813
4.950076430311292
4.949911993938896
4.950076430311292
4.950076430311292
4.949911993938896
4.950076430311292
4.950076430311292
4.949911993938896
4.949911993938896
4.949911993938896
4.949911993938896
4.949911993938896
4.950076430311292
4.950076430311292
4.949747557566626
4.949911993938896
4.950076430311292
4.949911993938896
4.949911993938896
4.949911993938896
4.949911993938896
4.950240866683813
4.950076430311292
4.949911993938896
4.949911993938896
4.950076430311292
4.949911993938896
4.950240866683813
4.950076430311292
4.949747557566626
4.949911993938896
4.949911993938896
4.950076430311292
4.950076430311292
4.949911993938896
4.950076430311292
4.949747557566626
4.950076430311292
4.949911993938896
4.950076430311292
4.949911993938896
4.949911993938896
4.949911993938896
4.949747557566626
4.949911993938896
4.949911993938896
4.950076430311292
4.949911993938896
4.949911993938896
4.950076430311292
4.949911993938896
4.949911993938896
4.949747557566626
4.949911993938896
4.949747557566626
4.949747557566626
4.949747557566626
4.949747557566626
4.949747557566626
4.949747557566626
4.949747557566626
4.950076430311292
4.950076430311292
4.949911993938896
4.949747557566626
4.949747557566626
4.949747557566626
4.949911993938896
4.949747557566626
4.949747557566626
4.949747557566626
4.949583121194482
4.949583121194482
4.949911993938896
4.949747557566626
4.949583121194482
4.949583121194482
4.949747557566626
4.949418684822461
4.949747557566626
4.949747557566626
4.949747557566626
4.949583121194482
4.949747557566626
4.949747557566626
4.949911993938896
4.949583121194482
4.949747557566626
4.949747557566626
4.949583121194482
4.949747557566626
4.949583121194482
4.949747557566626
4.949583121194482
4.949583121194482
4.949747557566626
4.949418684822461
4.949911993938896
4.949583121194482
4.949747557566626
4.949583121194482
4.949747557566626
4.949583121194482
4.949747557566626
4.949747557566626
4.949911993938896
4.949747557566626
4.949583121194482
4.949747557566626
4.949583121194482
4.949747557566626
4.949747557566626
4.949583121194482
4.949583121194482
4.949911993938896
4.949583121194482
4.949747557566626
4.949747557566626
4.949911993938896
4.949747557566626
4.949583121194482
4.949583121194482
4.949747557566626
4.949418684822461
4.949583121194482
4.949418684822461
4.949747557566626
4.949911993938896
4.949747557566626
4.949747557566626
4.949747557566626
4.949747557566626
4.949747557566626
4.949747557566626
4.949583121194482
4.949583121194482
4.949583121194482
4.949747557566626
4.949583121194482
4.949418684822461
4.949418684822461
4.949583121194482
4.949747557566626
4.949747557566626
4.949583121194482
4.949911993938896
4.949911993938896
4.949747557566626
4.949911993938896
4.949747557566626
4.949747557566626
4.949911993938896
4.949911993938896
4.949911993938896
4.950076430311292
4.949747557566626
4.949747557566626
4.949911993938896
4.949747557566626
4.949747557566626
4.949911993938896
4.949911993938896
4.949747557566626
4.949747557566626
4.949911993938896
4.949747557566626
4.949747557566626
4.950076430311292
4.949911993938896
4.949911993938896
4.949583121194482
4.949747557566626
4.949911993938896
4.950076430311292
4.950076430311292
4.949747557566626
4.949911993938896
4.949747557566626
4.950076430311292
4.950076430311292
4.949747557566626
4.949911993938896
4.950076430311292
4.950240866683813
4.950076430311292
4.949747557566626
4.949747557566626
4.949911993938896
4.950076430311292
4.949911993938896
4.950240866683813
4.949747557566626
4.949747557566626
4.949911993938896
4.950076430311292
4.950240866683813
4.950240866683813
4.949911993938896
4.950076430311292
4.950240866683813
4.949911993938896
4.950076430311292
4.949911993938896
4.950240866683813
4.949911993938896
4.950076430311292
4.950076430311292
4.949911993938896
4.950076430311292
4.950240866683813
4.950076430311292
4.949911993938896
4.949911993938896
4.950076430311292
4.950076430311292
4.950076430311292
4.950076430311292
4.950076430311292
4.949911993938896
4.950076430311292
4.949911993938896
4.950076430311292
4.950076430311292
4.950076430311292
4.950240866683813
4.950076430311292
4.949911993938896
4.950076430311292
4.949911993938896
4.950076430311292
4.949911993938896
4.950076430311292
4.949911993938896
4.949911993938896
4.950076430311292
4.949911993938896
4.950405303056457
4.950076430311292
4.950240866683813
4.949911993938896
4.950076430311292
4.950076430311292
4.949911993938896
4.950405303056457
4.950240866683813
4.950240866683813
4.950240866683813
4.950076430311292
4.950240866683813
4.950405303056457
4.950240866683813
4.950240866683813
4.950076430311292
4.950076430311292
4.950076430311292
4.950076430311292
4.950076430311292
4.949911993938896
4.949911993938896
4.949747557566626
4.950076430311292
4.949911993938896
4.949911993938896
4.950076430311292
4.950076430311292
4.949911993938896
4.950076430311292
4.950076430311292
4.950076430311292
4.950240866683813
4.950076430311292
4.950076430311292
4.950240866683813
4.949911993938896
4.950076430311292
4.949911993938896
4.949747557566626
4.949911993938896
4.950240866683813
4.950240866683813
4.950076430311292
4.949911993938896
4.950076430311292
4.950076430311292
4.949911993938896
4.950240866683813
4.950240866683813
4.950240866683813
4.950076430311292
4.950076430311292
4.949911993938896
4.949911993938896
4.949911993938896
4.950076430311292
4.950240866683813
4.950076430311292
4.950076430311292
4.949911993938896
4.949747557566626
4.950076430311292
4.950076430311292
4.949911993938896
4.949911993938896
4.949747557566626
4.950076430311292
4.950076430311292
4.950405303056457
4.950405303056457
4.950240866683813
4.949911993938896
4.949911993938896
4.949911993938896
4.949911993938896
4.950076430311292
4.949747557566626
4.949747557566626
4.950076430311292
4.949911993938896
4.949583121194482
4.949911993938896
4.949747557566626
4.949747557566626
4.949911993938896
4.949747557566626
4.949747557566626
4.949911993938896
4.949747557566626
4.949747557566626
4.949911993938896
4.950076430311292
4.949911993938896
4.949911993938896
4.949747557566626
4.949747557566626
4.949911993938896
4.949747557566626
4.949911993938896
4.949911993938896
4.949747557566626
4.950076430311292
4.949747557566626
4.949911993938896
4.949911993938896
4.949911993938896
4.950076430311292
4.949747557566626
4.949911993938896
4.949747557566626
4.949911993938896
4.949911993938896
4.949747557566626
4.949747557566626
4.949911993938896
4.949911993938896
4.949911993938896
4.949583121194482
4.949747557566626
4.949747557566626
4.949911993938896
4.949911993938896
4.949747557566626
4.949747557566626
4.949583121194482
4.949583121194482
4.949747557566626
4.949911993938896
4.949747557566626
4.949747557566626
4.949911993938896
4.949911993938896
4.949747557566626
4.949911993938896
4.949911993938896
4.949583121194482
4.949583121194482
4.949747557566626
4.949583121194482
4.949583121194482
4.949583121194482
4.949747557566626
4.949747557566626
4.949747557566626
4.949747557566626
4.949911993938896
4.949911993938896
4.949747557566626
4.949747557566626
4.949747557566626
4.949911993938896
4.949583121194482
4.949747557566626
4.949583121194482
4.949583121194482
4.949911993938896
4.949911993938896
4.949747557566626
4.949747557566626
4.949747557566626
4.949583121194482
4.949911993938896
4.949747557566626
4.949747557566626
4.949911993938896
4.949747557566626
4.949747557566626
4.949747557566626
4.949418684822461
4.949747557566626
4.949747557566626
4.949747557566626
4.949583121194482
4.949583121194482
4.949747557566626
4.949911993938896
4.949747557566626
4.949583121194482
4.949747557566626
4.949747557566626
4.949911993938896
4.949747557566626
4.949583121194482
4.949418684822461
4.949418684822461
4.949583121194482
4.949747557566626
4.949911993938896
4.950076430311292
4.950076430311292
4.949747557566626
4.949911993938896
4.949911993938896
4.949911993938896
4.949911993938896
4.949911993938896
4.949911993938896
4.950076430311292
4.949911993938896
4.949911993938896
4.949911993938896
4.949911993938896
4.949911993938896
4.950076430311292
4.950076430311292
4.950076430311292
4.949911993938896
4.950076430311292
4.949911993938896
4.949911993938896
4.949747557566626
4.949911993938896
4.949747557566626
4.950076430311292
4.949747557566626
4.949747557566626
4.950076430311292
4.949911993938896
4.949747557566626
4.949911993938896
4.949911993938896
4.949911993938896
4.949911993938896
4.949911993938896
4.950076430311292
4.950076430311292
4.949911993938896
4.949911993938896
4.949911993938896
4.949911993938896
4.950240866683813
4.950076430311292
4.950076430311292
4.949911993938896
4.950076430311292
4.950240866683813
4.950076430311292
4.950076430311292
4.950076430311292
4.950076430311292
4.950076430311292
4.950076430311292
4.950076430311292
4.950240866683813
4.949911993938896
4.950076430311292
4.950076430311292
4.950240866683813
4.949911993938896
4.949911993938896
4.950076430311292
4.950076430311292
4.950076430311292
4.950076430311292
4.950240866683813
4.949911993938896
4.949911993938896
4.950076430311292
4.950405303056457
4.950076430311292
4.950076430311292
4.950240866683813
4.950076430311292
4.949747557566626
4.949911993938896
4.950240866683813
4.950076430311292
4.949911993938896
4.949747557566626
4.950076430311292
4.949911993938896
4.950076430311292
4.950076430311292
4.950076430311292
4.949747557566626
4.950240866683813
4.949747557566626
4.950076430311292
4.950076430311292
4.949747557566626
4.950076430311292
4.949747557566626
4.950076430311292
4.949911993938896
4.950076430311292
4.950076430311292
4.950240866683813
4.950240866683813
4.950076430311292
4.950240866683813
4.950240866683813
4.949911993938896
4.949911993938896
4.949911993938896
4.949911993938896
4.950240866683813
4.950076430311292
4.949911993938896
4.950405303056457
4.950240866683813
4.950240866683813
4.950076430311292
4.950076430311292
4.950076430311292
4.950240866683813
4.950240866683813
4.949911993938896
4.950076430311292
4.950076430311292
4.949911993938896
4.950076430311292
4.950076430311292
4.949911993938896
4.949911993938896
4.950076430311292
4.950076430311292
4.949911993938896
4.949911993938896
4.950405303056457
4.950076430311292
4.950076430311292
4.950076430311292
4.950240866683813
4.949747557566626
4.949911993938896
4.950240866683813
4.949911993938896
4.950076430311292
4.950076430311292
4.950076430311292
4.950076430311292
4.950076430311292
4.949911993938896
4.950076430311292
4.949911993938896
4.950076430311292
4.950076430311292
4.949911993938896
4.949911993938896
4.949747557566626
4.950076430311292
4.949911993938896
4.949911993938896
4.950076430311292
4.950076430311292
4.949911993938896
4.950076430311292
4.950076430311292
4.950076430311292
4.950076430311292
4.949911993938896
4.949747557566626
4.949747557566626
4.949911993938896
4.949747557566626
4.949747557566626
4.949911993938896
4.950076430311292
4.950240866683813
4.950076430311292
4.950076430311292
4.949911993938896
4.949911993938896
4.949911993938896
4.950076430311292
4.949911993938896
4.949747557566626
4.950076430311292
4.949583121194482
4.949583121194482
4.949747557566626
4.949911993938896
4.949911993938896
4.949747557566626
4.949747557566626
4.949747557566626
4.949911993938896
4.949911993938896
4.949911993938896
4.949747557566626
4.949583121194482
4.950076430311292
4.949911993938896
4.949911993938896
4.949911993938896
4.949911993938896
4.949583121194482
4.949911993938896
4.949911993938896
4.949911993938896
4.949911993938896
4.949583121194482
4.949747557566626
4.949911993938896
4.949747557566626
4.949911993938896
4.949911993938896
4.949747557566626
4.949747557566626
4.949747557566626
4.949747557566626
4.949747557566626
4.949911993938896
4.949911993938896
4.949747557566626
4.949747557566626
4.949747557566626
4.949418684822461
4.949911993938896
4.949747557566626
4.949747557566626
4.949583121194482
4.949747557566626
4.949747557566626
4.949583121194482
4.949583121194482
4.949747557566626
4.949747557566626
4.949747557566626
4.949911993938896
4.949747557566626
4.949583121194482
4.949747557566626
4.949583121194482
4.949583121194482
4.949583121194482
4.949747557566626
4.949418684822461
4.949747557566626
4.949747557566626
4.949747557566626
4.949747557566626
4.949583121194482
4.949747557566626
4.949747557566626
4.949747557566626
4.949747557566626
4.949418684822461
4.949583121194482
4.949583121194482
4.949747557566626
4.949747557566626
4.949747557566626
4.949747557566626
4.949747557566626
4.949583121194482
4.949911993938896
4.949911993938896
4.949911993938896
4.949747557566626
4.949418684822461
4.949911993938896
4.949583121194482
4.949911993938896
4.949583121194482
4.949583121194482
4.949583121194482
4.949583121194482
4.949911993938896
4.949911993938896
4.949747557566626
4.949747557566626
4.949583121194482
4.949911993938896
4.949747557566626
4.949747557566626
4.949747557566626
4.949911993938896
4.950076430311292
4.949747557566626
4.949911993938896
4.949911993938896
4.949747557566626
4.949747557566626
4.950076430311292
4.949911993938896
4.949583121194482
4.949911993938896
4.949911993938896
4.950076430311292
4.949911993938896
4.950076430311292
4.949747557566626
4.950076430311292
4.949911993938896
4.949911993938896
4.949911993938896
4.949747557566626
4.949747557566626
4.949747557566626
4.949747557566626
4.949911993938896
4.949911993938896
4.956325012555083
4.98559468968795
5.001216148216786
5.016837607885705
5.0275259756861645
5.078994585083594
5.1457558032110295
5.1983754975722745
5.254119500908024
5.290295558388026
5.316112112432477
5.361003325722899
5.407045606188348
5.446181552945302
5.446181552945302
5.446181552945302
5.446181552945302
0.08115387255900024
0.0014032231916035962
0.0002521829112129906
8.774858548629694e-05
-7.668574022955121e-05
-7.668574022955121e-05
8.774858548629694e-05
8.774858548629694e-05
8.774858548629694e-05
-7.668574022955121e-05
0.0002521829112129906
0.0002521829112129906
0.0002521829112129906
8.774858548629694e-05
0.0002521829112129906
8.774858548629694e-05
0.0002521829112129906
0.0002521829112129906
8.774858548629694e-05
0.0002521829112129906
-7.668574022955121e-05
8.774858548629694e-05
8.774858548629694e-05
0.0004166172369505228
8.774858548629694e-05
0.0002521829112129906
-7.668574022955121e-05
0.0004166172369505228
8.774858548629694e-05
0.0002521829112129906
8.774858548629694e-05
-7.668574022955121e-05
0.0002521829112129906
0.0002521829112129906
-7.668574022955121e-05
8.774858548629694e-05
0.0002521829112129906
-7.668574022955121e-05
0.0002521829112129906
8.774858548629694e-05
0.0002521829112129906
0.0002521829112129906
0.0002521829112129906
0.0002521829112129906
-7.668574022955121e-05
0.0002521829112129906
0.0002521829112129906
-7.668574022955121e-05
8.774858548629694e-05
8.774858548629694e-05
8.774858548629694e-05
0.0002521829112129906
0.0004166172369505228
8.774858548629694e-05
0.0004166172369505228
0.0002521829112129906
8.774858548629694e-05
0.0002521829112129906
-7.668574022955121e-05
8.774858548629694e-05
0.0002521829112129906
8.774858548629694e-05
8.774858548629694e-05
0.0002521829112129906
0.0002521829112129906
0.0002521829112129906
0.0002521829112129906
8.774858548629694e-05
0.0002521829112129906
0.0002521829112129906
8.774858548629694e-05
0.0002521829112129906
-7.668574022955121e-05
8.774858548629694e-05
8.774858548629694e-05
0.0002521829112129906
8.774858548629694e-05
0.0002521829112129906
8.774858548629694e-05
8.774858548629694e-05
0.0002521829112129906
-7.668574022955121e-05
0.0002521829112129906
0.0002521829112129906
-7.668574022955121e-05
0.0002521829112129906
8.774858548629694e-05
8.774858548629694e-05
-7.668574022955121e-05
8.774858548629694e-05
0.0002521829112129906
0.0002521829112129906
8.774858548629694e-05
8.774858548629694e-05
8.774858548629694e-05
8.774858548629694e-05
-7.668574022955121e-05
8.774858548629694e-05
-0.00024112006593456775
8.774858548629694e-05
8.774858548629694e-05
-7.668574022955121e-05
0.0002521829112129906
-7.668574022955121e-05
-7.668574022955121e-05
8.774858548629694e-05
-0.00024112006593456775
0.0002521829112129906
-0.00024112006593456775
8.774858548629694e-05
-7.668574022955121e-05
-7.668574022955121e-05
-0.00024112006593456775
8.774858548629694e-05
-7.668574022955121e-05
8.774858548629694e-05
8.774858548629694e-05
-7.668574022955121e-05
8.774858548629694e-05
-0.00024112006593456775
8.774858548629694e-05
-7.668574022955121e-05
-0.00024112006593456775
8.774858548629694e-05
-7.668574022955121e-05
8.774858548629694e-05
8.774858548629694e-05
-7.668574022955121e-05
-7.668574022955121e-05
-7.668574022955121e-05
-7.668574022955121e-05
-0.00024112006593456775
-7.668574022955121e-05
-7.668574022955121e-05
0.0002521829112129906
-7.668574022955121e-05
-7.668574022955121e-05
-0.00024112006593456775
-7.668574022955121e-05
-7.668574022955121e-05
-0.00024112006593456775
-7.668574022955121e-05
-7.668574022955121e-05
-7.668574022955121e-05
-7.668574022955121e-05
-7.668574022955121e-05
-0.0004055543916287527
-0.00024112006593456775
-7.668574022955121e-05
-7.668574022955121e-05
-0.0004055543916287527
-0.00024112006593456775
-0.00024112006593456775
-7.668574022955121e-05
-7.668574022955121e-05
-0.00024112006593456775
-7.668574022955121e-05
-7.668574022955121e-05
-7.668574022955121e-05
-0.00024112006593456775
-0.00024112006593456775
-0.00024112006593456775
8.774858548629694e-05
-0.00024112006593456775
-0.00024112006593456775
-7.668574022955121e-05
-0.00024112006593456775
-0.0004055543916287527
-7.668574022955121e-05
-0.00024112006593456775
-7.668574022955121e-05
-0.00024112006593456775
-7.668574022955121e-05
-0.00024112006593456775
-0.00024112006593456775
-0.00024112006593456775
-7.668574022955121e-05
-0.0004055543916287527
-0.0004055543916287527
-7.668574022955121e-05
-0.0004055543916287527
-0.00024112006593456775
-0.00024112006593456775
-7.668574022955121e-05
-7.668574022955121e-05
-0.00024112006593456775
-0.00024112006593456775
-0.00024112006593456775
-0.00024112006593456775
-0.00024112006593456775
-0.00024112006593456775
-0.0004055543916287527
-0.00024112006593456775
-7.668574022955121e-05
-7.668574022955121e-05
-0.00024112006593456775
-0.00024112006593456775
-0.0004055543916287527
-0.00024112006593456775
-7.668574022955121e-05
-0.0004055543916287527
-0.00024112006593456775
-0.00024112006593456775
-7.668574022955121e-05
8.774858548629694e-05
-0.0004055543916287527
-0.00024112006593456775
-0.00024112006593456775
-0.00024112006593456775
-0.00024112006593456775
-0.00024112006593456775
-0.0004055543916287527
-7.668574022955121e-05
-0.00024112006593456775
-7.668574022955121e-05
-0.00024112006593456775
8.774858548629694e-05
-0.00024112006593456775
-0.00024112006593456775
-0.00024112006593456775
-7.668574022955121e-05
-0.00024112006593456775
-7.668574022955121e-05
-7.668574022955121e-05
-0.00024112006593456775
-0.00024112006593456775
-0.00024112006593456775
-7.668574022955121e-05
-0.00024112006593456775
-0.00024112006593456775
-0.00024112006593456775
-7.668574022955121e-05
-7.668574022955121e-05
-0.00024112006593456775
-7.668574022955121e-05
-0.00024112006593456775
-0.00024112006593456775
8.774858548629694e-05
-0.00024112006593456775
-7.668574022955121e-05
-0.00024112006593456775
-7.668574022955121e-05
-7.668574022955121e-05
8.774858548629694e-05
8.774858548629694e-05
8.774858548629694e-05
-0.00024112006593456775
-7.668574022955121e-05
8.774858548629694e-05
0.0002521829112129906
-7.668574022955121e-05
-7.668574022955121e-05
-7.668574022955121e-05
-7.668574022955121e-05
8.774858548629694e-05
-7.668574022955121e-05
-0.00024112006593456775
8.774858548629694e-05
-7.668574022955121e-05
8.774858548629694e-05
8.774858548629694e-05
8.774858548629694e-05
8.774858548629694e-05
8.774858548629694e-05
8.774858548629694e-05
-7.668574022955121e-05
8.774858548629694e-05
8.774858548629694e-05
8.774858548629694e-05
0.0002521829112129906
-7.668574022955121e-05
8.774858548629694e-05
8.774858548629694e-05
0.0002521829112129906
0.0002521829112129906
8.774858548629694e-05
-7.668574022955121e-05
8.774858548629694e-05
8.774858548629694e-05
8.774858548629694e-05
0.0002521829112129906
-7.668574022955121e-05
8.774858548629694e-05
0.0002521829112129906
8.774858548629694e-05
8.774858548629694e-05
0.0002521829112129906
8.774858548629694e-05
8.774858548629694e-05
-7.668574022955121e-05
8.774858548629694e-05
8.774858548629694e-05
8.774858548629694e-05
-7.668574022955121e-05
0.0002521829112129906
-7.668574022955121e-05
0.0002521829112129906
-7.668574022955121e-05
0.0002521829112129906
0.0002521829112129906
8.774858548629694e-05
0.0002521829112129906
0.0002521829112129906
8.774858548629694e-05
0.0002521829112129906
0.0002521829112129906
-7.668574022955121e-05
8.774858548629694e-05
8.774858548629694e-05
0.0002521829112129906
0.0002521829112129906
8.774858548629694e-05
-7.668574022955121e-05
0.0002521829112129906
0.0002521829112129906
0.0002521829112129906
8.774858548629694e-05
8.774858548629694e-05
0.0002521829112129906
8.774858548629694e-05
8.774858548629694e-05
8.774858548629694e-05
-7.668574022955121e-05
0.0002521829112129906
8.774858548629694e-05
0.0002521829112129906
8.774858548629694e-05
8.774858548629694e-05
0.0002521829112129906
0.0002521829112129906
8.774858548629694e-05
0.0004166172369505228
-7.668574022955121e-05
0.0002521829112129906
0.0002521829112129906
8.774858548629694e-05
0.0002521829112129906
0.0002521829112129906
8.774858548629694e-05
8.774858548629694e-05
8.774858548629694e-05
8.774858548629694e-05
0.0004166172369505228
8.774858548629694e-05
0.0002521829112129906
8.774858548629694e-05
0.0002521829112129906
0.0002521829112129906
8.774858548629694e-05
0.0002521829112129906
-7.668574022955121e-05
-7.668574022955121e-05
0.0002521829112129906
0.0002521829112129906
0.0002521829112129906
-7.668574022955121e-05
-7.668574022955121e-05
0.0002521829112129906
0.0002521829112129906
8.774858548629694e-05
0.0002521829112129906
8.774858548629694e-05
0.0002521829112129906
0.0002521829112129906
8.774858548629694e-05
8.774858548629694e-05
-7.668574022955121e-05
-7.668574022955121e-05
-7.668574022955121e-05
8.774858548629694e-05
8.774858548629694e-05
8.774858548629694e-05
-7.668574022955121e-05
0.0002521829112129906
0.0002521829112129906
-7.668574022955121e-05
-7.668574022955121e-05
-0.00024112006593456775
-7.668574022955121e-05
-7.668574022955121e-05
-7.668574022955121e-05
0.0002521829112129906
-7.668574022955121e-05
8.774858548629694e-05
-7.668574022955121e-05
8.774858548629694e-05
8.774858548629694e-05
8.774858548629694e-05
8.774858548629694e-05
-0.00024112006593456775
-0.00024112006593456775
-0.00024112006593456775
-7.668574022955121e-05
-7.668574022955121e-05
8.774858548629694e-05
8.774858548629694e-05
0.0002521829112129906
8.774858548629694e-05
-7.668574022955121e-05
-0.00024112006593456775
-7.668574022955121e-05
8.774858548629694e-05
8.774858548629694e-05
-7.668574022955121e-05
-7.668574022955121e-05
-0.00024112006593456775
-0.00024112006593456775
-0.00024112006593456775
-7.668574022955121e-05
-7.668574022955121e-05
-7.668574022955121e-05
8.774858548629694e-05
8.774858548629694e-05
-7.668574022955121e-05
8.774858548629694e-05
-0.00024112006593456775
0.0002521829112129906
-7.668574022955121e-05
-7.668574022955121e-05
-7.668574022955121e-05
-0.00024112006593456775
-7.668574022955121e-05
-7.668574022955121e-05
-0.00024112006593456775
-0.00024112006593456775
-7.668574022955121e-05
-0.00024112006593456775
-7.668574022955121e-05
-0.00024112006593456775
-7.668574022955121e-05
-0.00024112006593456775
8.774858548629694e-05
-0.00024112006593456775
-7.668574022955121e-05
-0.00024112006593456775
-0.00024112006593456775
-0.00024112006593456775
-7.668574022955121e-05
-0.00024112006593456775
-0.00024112006593456775
-7.668574022955121e-05
-7.668574022955121e-05
-7.668574022955121e-05
-7.668574022955121e-05
-0.00024112006593456775
-0.0004055543916287527
-7.668574022955121e-05
-0.00024112006593456775
-0.00024112006593456775
-0.0004055543916287527
-7.668574022955121e-05
-7.668574022955121e-05
-0.0004055543916287527
-0.00024112006593456775
-7.668574022955121e-05
-7.668574022955121e-05
-0.0004055543916287527
-0.00024112006593456775
-7.668574022955121e-05
-0.00024112006593456775
-0.00024112006593456775
-0.00024112006593456775
-0.00024112006593456775
-0.00024112006593456775
-0.00024112006593456775
-0.00024112006593456775
-0.00024112006593456775
-0.00024112006593456775
-0.00024112006593456775
-0.00024112006593456775
-0.00024112006593456775
-0.0004055543916287527
8.774858548629694e-05
-7.668574022955121e-05
-0.0004055543916287527
-0.00024112006593456775
-0.0004055543916287527
-0.00024112006593456775
8.774858548629694e-05
-7.668574022955121e-05
-0.00024112006593456775
-0.00024112006593456775
-0.00024112006593456775
-0.0004055543916287527
-0.00024112006593456775
-0.0004055543916287527
8.774858548629694e-05
-0.0004055543916287527
-0.00024112006593456775
-0.00024112006593456775
-7.668574022955121e-05
-0.00024112006593456775
-0.00024112006593456775
-7.668574022955121e-05
-0.00024112006593456775
-0.00024112006593456775
-0.00024112006593456775
-0.00024112006593456775
-7.668574022955121e-05
-7.668574022955121e-05
-0.00024112006593456775
-7.668574022955121e-05
-0.00024112006593456775
-7.668574022955121e-05
-7.668574022955121e-05
-7.668574022955121e-05
-7.668574022955121e-05
-0.00024112006593456775
-0.00024112006593456775
-0.00024112006593456775
-7.668574022955121e-05
-0.00024112006593456775
-0.00024112006593456775
-7.668574022955121e-05
-0.00024112006593456775
8.774858548629694e-05
-0.00024112006593456775
-7.668574022955121e-05
-0.00024112006593456775
-0.00024112006593456775
-7.668574022955121e-05
-7.668574022955121e-05
-7.668574022955121e-05
8.774858548629694e-05
-7.668574022955121e-05
8.774858548629694e-05
-7.668574022955121e-05
8.774858548629694e-05
-7.668574022955121e-05
8.774858548629694e-05
8.774858548629694e-05
-7.668574022955121e-05
-7.668574022955121e-05
8.774858548629694e-05
-0.00024112006593456775
-7.668574022955121e-05
0.0002521829112129906
8.774858548629694e-05
-7.668574022955121e-05
-7.668574022955121e-05
-7.668574022955121e-05
-0.00024112006593456775
8.774858548629694e-05
8.774858548629694e-05
8.774858548629694e-05
0.0002521829112129906
-7.668574022955121e-05
8.774858548629694e-05
8.774858548629694e-05
8.774858548629694e-05
-7.668574022955121e-05
8.774858548629694e-05
0.0002521829112129906
0.0002521829112129906
0.0002521829112129906
8.774858548629694e-05
-7.668574022955121e-05
8.774858548629694e-05
0.0002521829112129906
8.774858548629694e-05
0.0002521829112129906
-7.668574022955121e-05
0.0004166172369505228
8.774858548629694e-05
8.774858548629694e-05
8.774858548629694e-05
8.774858548629694e-05
0.0004166172369505228
0.0002521829112129906
8.774858548629694e-05
8.774858548629694e-05
-7.668574022955121e-05
8.774858548629694e-05
-7.668574022955121e-05
8.774858548629694e-05
0.0002521829112129906
-0.00024112006593456775
8.774858548629694e-05
8.774858548629694e-05
0.0004166172369505228
0.0002521829112129906
8.774858548629694e-05
8.774858548629694e-05
0.0002521829112129906
-7.668574022955121e-05
0.0002521829112129906
8.774858548629694e-05
-7.668574022955121e-05
0.0002521829112129906
8.774858548629694e-05
8.774858548629694e-05
-7.668574022955121e-05
8.774858548629694e-05
-7.668574022955121e-05
8.774858548629694e-05
8.774858548629694e-05
0.0002521829112129906
8.774858548629694e-05
0.0002521829112129906
0.0002521829112129906
8.774858548629694e-05
8.774858548629694e-05
0.0002521829112129906
8.774858548629694e-05
0.0002521829112129906
0.0002521829112129906
8.774858548629694e-05
8.774858548629694e-05
0.0002521829112129906
0.0002521829112129906
0.0002521829112129906
8.774858548629694e-05
0.0002521829112129906
0.0002521829112129906
0.0002521829112129906
0.0002521829112129906
0.0002521829112129906
8.774858548629694e-05
0.0002521829112129906
0.0002521829112129906
8.774858548629694e-05
0.0002521829112129906
8.774858548629694e-05
8.774858548629694e-05
8.774858548629694e-05
8.774858548629694e-05
8.774858548629694e-05
0.0002521829112129906
0.0002521829112129906
0.0002521829112129906
0.0002521829112129906
-7.668574022955121e-05
0.0002521829112129906
0.0004166172369505228
0.0002521829112129906
0.0002521829112129906
-7.668574022955121e-05
8.774858548629694e-05
0.0002521829112129906
8.774858548629694e-05
0.0002521829112129906
0.0002521829112129906
0.0002521829112129906
8.774858548629694e-05
8.774858548629694e-05
0.0002521829112129906
8.774858548629694e-05
-7.668574022955121e-05
8.774858548629694e-05
-7.668574022955121e-05
0.0002521829112129906
0.0002521829112129906
8.774858548629694e-05
0.0002521829112129906
8.774858548629694e-05
8.774858548629694e-05
8.774858548629694e-05
-7.668574022955121e-05
8.774858548629694e-05
-7.668574022955121e-05
-7.668574022955121e-05
-0.00024112006593456775
-7.668574022955121e-05
-7.668574022955121e-05
8.774858548629694e-05
-7.668574022955121e-05
-7.668574022955121e-05
-7.668574022955121e-05
-7.668574022955121e-05
8.774858548629694e-05
8.774858548629694e-05
8.774858548629694e-05
8.774858548629694e-05
8.774858548629694e-05
8.774858548629694e-05
-0.00024112006593456775
0.0002521829112129906
8.774858548629694e-05
-7.668574022955121e-05
-0.00024112006593456775
-0.00024112006593456775
8.774858548629694e-05
-7.668574022955121e-05
-0.00024112006593456775
-0.00024112006593456775
-7.668574022955121e-05
8.774858548629694e-05
8.774858548629694e-05
-7.668574022955121e-05
-7.668574022955121e-05
8.774858548629694e-05
-7.668574022955121e-05
8.774858548629694e-05
8.774858548629694e-05
-7.668574022955121e-05
-0.00024112006593456775
-0.00024112006593456775
-7.668574022955121e-05
-7.668574022955121e-05
-0.00024112006593456775
-0.00024112006593456775
-0.00024112006593456775
-7.668574022955121e-05
-7.668574022955121e-05
-0.00024112006593456775
-0.00024112006593456775
-0.00024112006593456775
8.774858548629694e-05
-7.668574022955121e-05
-0.00024112006593456775
-0.00024112006593456775
-0.00024112006593456775
-7.668574022955121e-05
-0.00024112006593456775
-7.668574022955121e-05
-7.668574022955121e-05
-0.0004055543916287527
-0.00024112006593456775
-7.668574022955121e-05
-0.00024112006593456775
-0.00024112006593456775
-0.00024112006593456775
-0.00024112006593456775
-7.668574022955121e-05
-0.00024112006593456775
-0.00024112006593456775
-0.00024112006593456775
-0.00024112006593456775
-0.00024112006593456775
-0.00024112006593456775
-7.668574022955121e-05
-0.00024112006593456775
-7.668574022955121e-05
-0.00024112006593456775
-0.00024112006593456775
-7.668574022955121e-05
-0.00024112006593456775
-0.0005699887173121199
-0.0004055543916287527
-7.668574022955121e-05
-0.00024112006593456775
-0.00024112006593456775
-0.00024112006593456775
-0.00024112006593456775
-0.00024112006593456775
-0.0005699887173121199
-0.00024112006593456775
-7.668574022955121e-05
-0.0004055543916287527
-0.00024112006593456775
-0.00024112006593456775
-0.00024112006593456775
8.774858548629694e-05
-0.00024112006593456775
-0.00024112006593456775
-0.0004055543916287527
-0.00024112006593456775
-0.0004055543916287527
-0.0004055543916287527
-0.00024112006593456775
-0.0004055543916287527
-0.0004055543916287527
-0.00024112006593456775
-0.00024112006593456775
-0.0004055543916287527
-0.0004055543916287527
8.774858548629694e-05
-7.668574022955121e-05
-7.668574022955121e-05
-0.00024112006593456775
-0.00024112006593456775
-0.0004055543916287527
-0.00024112006593456775
-7.668574022955121e-05
-0.00024112006593456775
-7.668574022955121e-05
-0.00024112006593456775
-7.668574022955121e-05
-0.00024112006593456775
-7.668574022955121e-05
-7.668574022955121e-05
8.774858548629694e-05
-0.00024112006593456775
-7.668574022955121e-05
8.774858548629694e-05
8.774858548629694e-05
-7.668574022955121e-05
-0.00024112006593456775
-7.668574022955121e-05
-7.668574022955121e-05
-0.00024112006593456775
8.774858548629694e-05
-0.00024112006593456775
-7.668574022955121e-05
-7.668574022955121e-05
-7.668574022955121e-05
8.774858548629694e-05
-0.00024112006593456775
-7.668574022955121e-05
-0.00024112006593456775
-0.00024112006593456775
-7.668574022955121e-05
8.774858548629694e-05
-0.00024112006593456775
-7.668574022955121e-05
-7.668574022955121e-05
8.774858548629694e-05
-7.668574022955121e-05
-0.00024112006593456775
-7.668574022955121e-05
-0.00024112006593456775
0.0002521829112129906
0.0002521829112129906
8.774858548629694e-05
8.774858548629694e-05
8.774858548629694e-05
8.774858548629694e-05
-7.668574022955121e-05
8.774858548629694e-05
-0.00024112006593456775
8.774858548629694e-05
8.774858548629694e-05
-7.668574022955121e-05
8.774858548629694e-05
8.774858548629694e-05
-7.668574022955121e-05
-7.668574022955121e-05
8.774858548629694e-05
8.774858548629694e-05
0.0002521829112129906
8.774858548629694e-05
8.774858548629694e-05
8.774858548629694e-05
8.774858548629694e-05
8.774858548629694e-05
8.774858548629694e-05
8.774858548629694e-05
0.0002521829112129906
8.774858548629694e-05
8.774858548629694e-05
0.0002521829112129906
8.774858548629694e-05
0.0002521829112129906
8.774858548629694e-05
8.774858548629694e-05
0.0002521829112129906
0.0002521829112129906
-7.668574022955121e-05
0.0004166172369505228
0.0002521829112129906
0.0002521829112129906
-7.668574022955121e-05
0.0002521829112129906
8.774858548629694e-05
0.0002521829112129906
0.0002521829112129906
0.0004166172369505228
8.774858548629694e-05
0.0002521829112129906
8.774858548629694e-05
8.774858548629694e-05
-7.668574022955121e-05
-7.668574022955121e-05
0.0002521829112129906
8.774858548629694e-05
0.0004166172369505228
0.0004166172369505228
-7.668574022955121e-05
0.0002521829112129906
8.774858548629694e-05
0.0002521829112129906
0.0002521829112129906
0.0002521829112129906
8.774858548629694e-05
-7.668574022955121e-05
-7.668574022955121e-05
0.0004166172369505228
0.0002521829112129906
8.774858548629694e-05
-7.668574022955121e-05
0.0002521829112129906
0.0002521829112129906
0.0002521829112129906
8.774858548629694e-05
8.774858548629694e-05
-7.668574022955121e-05
0.0002521829112129906
0.0002521829112129906
8.774858548629694e-05
8.774858548629694e-05
0.0002521829112129906
8.774858548629694e-05
0.0002521829112129906
0.0002521829112129906
0.0002521829112129906
8.774858548629694e-05
8.774858548629694e-05
-7.668574022955121e-05
8.774858548629694e-05
8.774858548629694e-05
0.0002521829112129906
0.0002521829112129906
8.774858548629694e-05
0.0002521829112129906
8.774858548629694e-05
8.774858548629694e-05
8.774858548629694e-05
8.774858548629694e-05
8.774858548629694e-05
8.774858548629694e-05
8.774858548629694e-05
8.774858548629694e-05
0.0002521829112129906
8.774858548629694e-05
8.774858548629694e-05
8.774858548629694e-05
8.774858548629694e-05
0.0002521829112129906
0.0002521829112129906
8.774858548629694e-05
0.0002521829112129906
8.774858548629694e-05
0.0002521829112129906
8.774858548629694e-05
0.0002521829112129906
8.774858548629694e-05
-7.668574022955121e-05
8.774858548629694e-05
8.774858548629694e-05
0.0002521829112129906
0.0002521829112129906
8.774858548629694e-05
-0.00024112006593456775
8.774858548629694e-05
-0.00024112006593456775
-0.0007344230429846554
-0.002049897647975772
-0.03247024769978867
-0.0620684257970374
-0.06585041519816001
-0.06272616308454515
-0.06700145544969535
-0.08147167571631198
-0.07111231348718652
-0.04266517574683839
-0.03345685364150578
-0.017835592854567754
-0.01323143176271837
0.030014796050073424
0.0855935995148451
0.12061811250001875
0.15005185863061046
0.1686329388247079
0.19560017059289753
0.2120436047994808
0.22355400883747253
0.23736649378665525
0.2745286562516375
0.31300629441907624
0.3181037593776491
0.3174460219626603
0.32566773967099094
0.33832918503174136
0.32665434579906516
0.2995226775152754
0.281599333278811
0.2656492014252499
0.25989399924943063
0.21187917045664253
0.15695810080503117
0.12127584983887055
0.08411369052852935
0.061092884206278765
0.0382365124523988
0.015051272271473917
0.007980596232662708
-0.0008988573686463733
-0.021453147992426196
-0.04430951897666351
-0.03608780281764911
-0.013066997437857268
0.029521493066855205
0.06717695442482455
0.12374236486151
4.944321157351887
4.930344066516281
4.949583121194482
4.949747557566626
4.949583121194482
4.949747557566626
4.949583121194482
4.949583121194482
4.949583121194482
4.949254248450567
4.949418684822461
4.949747557566626
4.949911993938896
4.949418684822461
4.949583121194482
4.949747557566626
4.949747557566626
4.949911993938896
4.949583121194482
4.949583121194482
4.949583121194482
4.949583121194482
4.949583121194482
4.949747557566626
4.949747557566626
4.949583121194482
4.949747557566626
4.949747557566626
4.949583121194482
4.949747557566626
4.949747557566626
4.949583121194482
4.949747557566626
4.949747557566626
4.949583121194482
4.949747557566626
4.949747557566626
4.949583121194482
4.949747557566626
4.949583121194482
4.949583121194482
4.949583121194482
4.949418684822461
4.949747557566626
4.949747557566626
4.949747557566626
4.949911993938896
4.949747557566626
4.949747557566626
4.949583121194482
4.949747557566626
4.949583121194482
4.949583121194482
4.949583121194482
4.949747557566626
4.949583121194482
4.949583121194482
4.949583121194482
4.949747557566626
4.949747557566626
4.949583121194482
4.949747557566626
4.949583121194482
4.949583121194482
4.949583121194482
4.949583121194482
4.949747557566626
4.949747557566626
4.949747557566626
4.949583121194482
4.949747557566626
4.949747557566626
4.949747557566626
4.949747557566626
4.949583121194482
4.949747557566626
4.949747557566626
4.949583121194482
4.949747557566626
4.949747557566626
4.949911993938896
4.949747557566626
4.949911993938896
4.949747557566626
4.949583121194482
4.949583121194482
4.949911993938896
4.949583121194482
4.949911993938896
4.949911993938896
4.949747557566626
4.949911993938896
4.949583121194482
4.949747557566626
4.949911993938896
4.949747557566626
4.949747557566626
4.949747557566626
4.949747557566626
4.950076430311292
4.949911993938896
4.949911993938896
4.949911993938896
4.949911993938896
4.949911993938896
4.949747557566626
4.949911993938896
4.949911993938896
4.949911993938896
4.950076430311292
4.950076430311292
4.949747557566626
4.949747557566626
4.949911993938896
4.949747557566626
4.949747557566626
4.949747557566626
4.949911993938896
4.949583121194482
4.950076430311292
4.949911993938896
4.949747557566626
4.949747557566626
4.949747557566626
4.949747557566626
4.949747557566626
4.949747557566626
4.949911993938896
4.949747557566626
4.949747557566626
4.949911993938896
4.949911993938896
4.950076430311292
4.949747557566626
4.949911993938896
4.950076430311292
4.950076430311292
4.949911993938896
4.949911993938896
4.949911993938896
4.949747557566626
4.949911993938896
4.949911993938896
4.950076430311292
4.950076430311292
4.949747557566626
4.949911993938896
4.950076430311292
4.950076430311292
4.949911993938896
4.949747557566626
4.949911993938896
4.949747557566626
4.949747557566626
4.949747557566626
4.949747557566626
4.949747557566626
4.949911993938896
4.949911993938896
4.949911993938896
4.949747557566626
4.949583121194482
4.950076430311292
4.950076430311292
4.949911993938896
4.949911993938896
4.950076430311292
4.950076430311292
4.950076430311292
4.949747557566626
4.949747557566626
4.950076430311292
4.949911993938896
4.950076430311292
4.950076430311292
4.950240866683813
4.949911993938896
4.949911993938896
4.949583121194482
4.950076430311292
4.949911993938896
4.950076430311292
4.949747557566626
4.949911993938896
4.950076430311292
4.949911993938896
4.949911993938896
4.949747557566626
4.949747557566626
4.949747557566626
4.949911993938896
4.949747557566626
4.950076430311292
4.949911993938896
4.949911993938896
4.949911993938896
4.950076430311292
4.950076430311292
4.949911993938896
4.949911993938896
4.949747557566626
4.949747557566626
4.949747557566626
4.949911993938896
4.949747557566626
4.949911993938896
4.949911993938896
4.950076430311292
4.950076430311292
4.950076430311292
4.949747557566626
4.950076430311292
4.949911993938896
4.949911993938896
4.949911993938896
4.949747557566626
4.949911993938896
4.949747557566626
4.949911993938896
4.950076430311292
4.949911993938896
4.949747557566626
4.950076430311292
4.949747557566626
4.949747557566626
4.950076430311292
4.950076430311292
4.949911993938896
4.949747557566626
4.949747557566626
4.949911993938896
4.949747557566626
4.949747557566626
4.950076430311292
4.949747557566626
4.949911993938896
4.949747557566626
4.949747557566626
4.949911993938896
4.949911993938896
4.949747557566626
4.950076430311292
4.949747557566626
4.949583121194482
4.949583121194482
4.949747557566626
4.949911993938896
4.949747557566626
4.949747557566626
4.949747557566626
4.950076430311292
4.949583121194482
4.949747557566626
4.949911993938896
4.949747557566626
4.949747557566626
4.949747557566626
4.949583121194482
4.949583121194482
4.949747557566626
4.949583121194482
4.949747557566626
4.949747557566626
4.949747557566626
4.949747557566626
4.950076430311292
4.949911993938896
4.949747557566626
4.949583121194482
4.949583121194482
4.949583121194482
4.949747557566626
4.949583121194482
4.949418684822461
4.949583121194482
4.949747557566626
4.949747557566626
4.949911993938896
4.949747557566626
4.949747557566626
4.949747557566626
4.949747557566626
4.949911993938896
4.949747557566626
4.949747557566626
4.950076430311292
4.949747557566626
4.949747557566626
4.949747557566626
4.949747557566626
4.949747557566626
4.949911993938896
4.949747557566626
4.949747557566626
4.949911993938896
4.949911993938896
4.949747557566626
4.949583121194482
4.949747557566626
4.949747557566626
4.949583121194482
4.949747557566626
4.949747557566626
4.949583121194482
4.949747557566626
4.949747557566626
4.949747557566626
4.949583121194482
4.949418684822461
4.949583121194482
4.949911993938896
4.949911993938896
4.949747557566626
4.949747557566626
4.949747557566626
4.949747557566626
4.949747557566626
4.949747557566626
4.949583121194482
4.949747557566626
4.949747557566626
4.949911993938896
4.949747557566626
4.949911993938896
4.949418684822461
4.949747557566626
4.949747557566626
4.949747557566626
4.949583121194482
4.949911993938896
4.949911993938896
4.949747557566626
4.949747557566626
4.949583121194482
4.949747557566626
4.949747557566626
4.949583121194482
4.949911993938896
4.949583121194482
4.949911993938896
4.949583121194482
4.949747557566626
4.949911993938896
4.949747557566626
4.949747557566626
4.949911993938896
4.949911993938896
4.949747557566626
4.949747557566626
4.949747557566626
4.949747557566626
4.949747557566626
4.949911993938896
4.949911993938896
4.949911993938896
4.949911993938896
4.949747557566626
4.949747557566626
4.949747557566626
4.949911993938896
4.949747557566626
4.949747557566626
4.949911993938896
4.949911993938896
4.949911993938896
4.949911993938896
4.949747557566626
4.949747557566626
4.949747557566626
4.949583121194482
4.949747557566626
4.949911993938896
4.949747557566626
4.949911993938896
4.949911993938896
4.949911993938896
4.950076430311292
4.949911993938896
4.949911993938896
4.949911993938896
4.949911993938896
4.950076430311292
4.949911993938896
4.950076430311292
4.950076430311292
4.950240866683813
4.949911993938896
4.950076430311292
4.949911993938896
4.949911993938896
4.949911993938896
4.950240866683813
4.949911993938896
4.950076430311292
4.949911993938896
4.949911993938896
4.950076430311292
4.950076430311292
4.950076430311292
4.949911993938896
4.949911993938896
4.949911993938896
4.949911993938896
4.950076430311292
4.950076430311292
4.950076430311292
4.949911993938896
4.949911993938896
4.950240866683813
4.949911993938896
4.949911993938896
4.949911993938896
4.949747557566626
4.950076430311292
4.949747557566626
4.949747557566626
4.949911993938896
4.950240866683813
4.950405303056457
4.950076430311292
4.950076430311292
4.950076430311292
4.950076430311292
4.950405303056457
4.950240866683813
4.949911993938896
4.949911993938896
4.950076430311292
4.950405303056457
4.950076430311292
4.950240866683813
4.950076430311292
4.949911993938896
4.950076430311292
4.950405303056457
4.950240866683813
4.950076430311292
4.950405303056457
4.950076430311292
4.950076430311292
4.950076430311292
4.950076430311292
4.950076430311292
4.950076430311292
4.950240866683813
4.950076430311292
4.949911993938896
4.950240866683813
4.950076430311292
4.950076430311292
4.950076430311292
4.950076430311292
4.950076430311292
4.950076430311292
4.950240866683813
4.950076430311292
4.950240866683813
4.950240866683813
4.950405303056457
4.949747557566626
4.950076430311292
4.950240866683813
4.950076430311292
4.950405303056457
4.950076430311292
4.949911993938896
4.949911993938896
4.950076430311292
4.950240866683813
4.950076430311292
4.950076430311292
4.950076430311292
4.950076430311292
4.950076430311292
4.950076430311292
4.949911993938896
4.949911993938896
4.950076430311292
4.950240866683813
4.950405303056457
4.950076430311292
4.949911993938896
4.950076430311292
4.950076430311292
4.950076430311292
4.950076430311292
4.950076430311292
4.950076430311292
4.949747557566626
4.950076430311292
4.949911993938896
4.950076430311292
4.949911993938896
4.950076430311292
4.950076430311292
4.949911993938896
4.949911993938896
4.949911993938896
4.949747557566626
4.949747557566626
4.949911993938896
4.949911993938896
4.949747557566626
4.949911993938896
4.949911993938896
4.950076430311292
4.950405303056457
4.950076430311292
4.949911993938896
4.950076430311292
4.950076430311292
4.950076430311292
4.949911993938896
4.950076430311292
4.950076430311292
4.950076430311292
4.949911993938896
4.949911993938896
4.949911993938896
4.949747557566626
4.949911993938896
4.949911993938896
4.949911993938896
4.949911993938896
4.949911993938896
4.949747557566626
4.949911993938896
4.950076430311292
4.949747557566626
4.949911993938896
4.949747557566626
4.949747557566626
4.949911993938896
4.949911993938896
4.950076430311292
4.949911993938896
4.950076430311292
4.949911993938896
4.949911993938896
4.950076430311292
4.949747557566626
4.950076430311292
4.949911993938896
4.949911993938896
4.949911993938896
4.949747557566626
4.949911993938896
4.949911993938896
4.949747557566626
4.949911993938896
4.949747557566626
4.949747557566626
4.949747557566626
4.949747557566626
4.949747557566626
4.949747557566626
4.949747557566626
4.949583121194482
4.949747557566626
4.949911993938896
4.949747557566626
4.949747557566626
4.949747557566626
4.949911993938896
4.949747557566626
4.949747557566626
4.949747557566626
4.949911993938896
4.949747557566626
4.949747557566626
4.949418684822461
4.949583121194482
4.949911993938896
4.949747557566626
4.949747557566626
4.949911993938896
4.949583121194482
4.949418684822461
4.949747557566626
4.949747557566626
4.949747557566626
4.949418684822461
4.949747557566626
4.949747557566626
4.949747557566626
4.949911993938896
4.949583121194482
4.949911993938896
4.949747557566626
4.949911993938896
4.949911993938896
4.949747557566626
4.949418684822461
4.949583121194482
4.949583121194482
4.949747557566626
4.949747557566626
4.949747557566626
4.949747557566626
4.949747557566626
4.949418684822461
4.949911993938896
4.949911993938896
4.949583121194482
4.949583121194482
4.949747557566626
4.949747557566626
4.949747557566626
4.949747557566626
4.949911993938896
4.949747557566626
4.949747557566626
4.949583121194482
4.949583121194482
4.949747557566626
4.949418684822461
4.949911993938896
4.949747557566626
4.949747557566626
4.949747557566626
4.949747557566626
4.949747557566626
4.949747557566626
4.949747557566626
4.949583121194482
4.949747557566626
4.949747557566626
4.949747557566626
4.949911993938896
4.949911993938896
4.949911993938896
4.949747557566626
4.949747557566626
4.949747557566626
4.949911993938896
4.949747557566626
4.949583121194482
4.949747557566626
4.949583121194482
4.949747557566626
4.949911993938896
4.949911993938896
4.949747557566626
4.949911993938896
4.949747557566626
4.949747557566626
4.949911993938896
4.949747557566626
4.949911993938896
4.949747557566626
4.949911993938896
4.949747557566626
4.949747557566626
4.949747557566626
4.949747557566626
4.949747557566626
4.950076430311292
4.949911993938896
4.949911993938896
4.950076430311292
4.949911993938896
4.949911993938896
4.949911993938896
4.950076430311292
4.950240866683813
4.950076430311292
4.950076430311292
4.950076430311292
4.949911993938896
4.950076430311292
4.950076430311292
4.949911993938896
4.949911993938896
4.950405303056457
4.950076430311292
4.950076430311292
4.950240866683813
4.950076430311292
4.949747557566626
4.949911993938896
4.949911993938896
4.950076430311292
4.949747557566626
4.950076430311292
4.950076430311292
4.950240866683813
4.949911993938896
4.950076430311292
4.950076430311292
4.950076430311292
4.949911993938896
4.950076430311292
4.949911993938896
4.950405303056457
4.949911993938896
4.950076430311292
4.949911993938896
4.950076430311292
4.949911993938896
4.950076430311292
4.950076430311292
4.950076430311292
4.950076430311292
4.950240866683813
4.950076430311292
4.949911993938896
4.950076430311292
4.949911993938896
4.949911993938896
4.950240866683813
4.949911993938896
4.949911993938896
4.949747557566626
4.950076430311292
4.950076430311292
4.950076430311292
4.949911993938896
4.950076430311292
4.950076430311292
4.950076430311292
4.950240866683813
4.950240866683813
4.950076430311292
4.950405303056457
4.950405303056457
4.950076430311292
4.950076430311292
4.949911993938896
4.950076430311292
4.950076430311292
4.950076430311292
4.950240866683813
4.949911993938896
4.949911993938896
4.949911993938896
4.949747557566626
4.950076430311292
4.950076430311292
4.950405303056457
4.950240866683813
4.950240866683813
4.949911993938896
4.950076430311292
4.950076430311292
4.950240866683813
4.950076430311292
4.950240866683813
4.950405303056457
4.950076430311292
4.950076430311292
4.950240866683813
4.950076430311292
4.949911993938896
4.950076430311292
4.949911993938896
4.949911993938896
4.949911993938896
4.950240866683813
4.950076430311292
4.950076430311292
4.950076430311292
4.950405303056457
4.950405303056457
4.950076430311292
4.950240866683813
4.950076430311292
4.950240866683813
4.950076430311292
4.949747557566626
4.950076430311292
4.950076430311292
4.950240866683813
4.950076430311292
4.950076430311292
4.949911993938896
4.949911993938896
4.950240866683813
4.949911993938896
4.949911993938896
4.949911993938896
4.950076430311292
4.950076430311292
4.949911993938896
4.949911993938896
4.949911993938896
4.950076430311292
4.949911993938896
4.950076430311292
4.949911993938896
4.949911993938896
4.949911993938896
4.950076430311292
4.949911993938896
4.950076430311292
4.949911993938896
4.950076430311292
4.949911993938896
4.950076430311292
4.950076430311292
4.949747557566626
4.950076430311292
4.950076430311292
4.949911993938896
4.949911993938896
4.949747557566626
4.949911993938896
4.949911993938896
4.950076430311292
4.949583121194482
4.950076430311292
4.949747557566626
4.949583121194482
4.949911993938896
4.950076430311292
4.949911993938896
4.949911993938896
4.949747557566626
4.949747557566626
4.949583121194482
4.949911993938896
4.949911993938896
4.949747557566626
4.949583121194482
4.949747557566626
4.949911993938896
4.949747557566626
4.949747557566626
4.949911993938896
4.949747557566626
4.949911993938896
4.949911993938896
4.949747557566626
4.950076430311292
4.949911993938896
4.949747557566626
4.949911993938896
4.949747557566626
4.949747557566626
4.949583121194482
4.949747557566626
4.949747557566626
4.949911993938896
4.949911993938896
4.949911993938896
4.949747557566626
4.950076430311292
4.949911993938896
4.949747557566626
4.949583121194482
4.949747557566626
4.949747557566626
4.950076430311292
4.949911993938896
4.949747557566626
4.949747557566626
4.949583121194482
4.949911993938896
4.949747557566626
4.949747557566626
4.949747557566626
4.949747557566626
4.949747557566626
4.949583121194482
4.949747557566626
4.949583121194482
4.949418684822461
4.949583121194482
4.949583121194482
4.949747557566626
4.949747557566626
4.949747557566626
4.949583121194482
4.949747557566626
4.949747557566626
4.949583121194482
4.949747557566626
4.949418684822461
4.949747557566626
4.949583121194482
4.949747557566626
4.949583121194482
4.949583121194482
4.949747557566626
4.949747557566626
4.949911993938896
4.949583121194482
4.949583121194482
4.949583121194482
4.949747557566626
4.949747557566626
4.949911993938896
4.949911993938896
4.949747557566626
4.949911993938896
4.949911993938896
4.949911993938896
4.949911993938896
4.949747557566626
4.949911993938896
4.949747557566626
4.949583121194482
4.949747557566626
4.949583121194482
4.949911993938896
4.949911993938896
4.949911993938896
4.949911993938896
4.949747557566626
4.949911993938896
4.949747557566626
4.949747557566626
4.950076430311292
4.949911993938896
4.950076430311292
4.949747557566626
4.949747557566626
4.949747557566626
4.950076430311292
4.950076430311292
4.949911993938896
4.949911993938896
4.949747557566626
4.949747557566626
4.949747557566626
4.950076430311292
4.949747557566626
4.949911993938896
4.949911993938896
4.950076430311292
4.964217958805862
4.991349963750349
4.952378539537969
4.949911993938896
4.986087998887251
5.0273615392544055
5.03344568731404
5.03344568731404
5.040845327080487
5.05580904384036
5.039036526224908
5.013055570176878
4.996447492334609
4.977866179046862
4.968986613972435
4.922615557852938
4.8769022569025635
4.861609679941467
4.834148818606553
4.841712887854234
4.837273108046987
4.862267425165172
4.961422540309004
5.090011828977793
0.05895523791726629
-0.006654058760019919
0.0002521829112129906
0.0002521829112129906
0.0002521829112129906
8.774858548629694e-05
8.774858548629694e-05
8.774858548629694e-05
0.0002521829112129906
0.0002521829112129906
-7.668574022955121e-05
8.774858548629694e-05
8.774858548629694e-05
8.774858548629694e-05
0.0004166172369505228
8.774858548629694e-05
-7.668574022955121e-05
8.774858548629694e-05
-7.668574022955121e-05
8.774858548629694e-05
8.774858548629694e-05
0.0002521829112129906
8.774858548629694e-05
-7.668574022955121e-05
0.0002521829112129906
8.774858548629694e-05
8.774858548629694e-05
8.774858548629694e-05
0.0002521829112129906
8.774858548629694e-05
0.0002521829112129906
-7.668574022955121e-05
8.774858548629694e-05
0.0002521829112129906
8.774858548629694e-05
8.774858548629694e-05
8.774858548629694e-05
0.0004166172369505228
0.0002521829112129906
-7.668574022955121e-05
0.0002521829112129906
0.0002521829112129906
8.774858548629694e-05
8.774858548629694e-05
0.0002521829112129906
0.0002521829112129906
0.0002521829112129906
-7.668574022955121e-05
8.774858548629694e-05
0.0002521829112129906
8.774858548629694e-05
8.774858548629694e-05
8.774858548629694e-05
0.0004166172369505228
0.0002521829112129906
8.774858548629694e-05
8.774858548629694e-05
8.774858548629694e-05
0.0002521829112129906
8.774858548629694e-05
8.774858548629694e-05
0.0002521829112129906
0.0002521829112129906
0.0002521829112129906
0.0002521829112129906
8.774858548629694e-05
0.0002521829112129906
0.0002521829112129906
8.774858548629694e-05
0.0002521829112129906
0.0002521829112129906
8.774858548629694e-05
0.0002521829112129906
0.0002521829112129906
8.774858548629694e-05
0.0002521829112129906
0.0002521829112129906
-0.00024112006593456775
0.0002521829112129906
0.0002521829112129906
0.0002521829112129906
0.0002521829112129906
0.0002521829112129906
0.0002521829112129906
0.0004166172369505228
0.0002521829112129906
0.0002521829112129906
8.774858548629694e-05
8.774858548629694e-05
8.774858548629694e-05
8.774858548629694e-05
0.0002521829112129906
8.774858548629694e-05
0.0002521829112129906
-7.668574022955121e-05
8.774858548629694e-05
-7.668574022955121e-05
8.774858548629694e-05
0.0004166172369505228
0.0002521829112129906
-7.668574022955121e-05
-7.668574022955121e-05
-7.668574022955121e-05
0.0002521829112129906
-7.668574022955121e-05
-7.668574022955121e-05
-7.668574022955121e-05
8.774858548629694e-05
0.0002521829112129906
-7.668574022955121e-05
8.774858548629694e-05
8.774858548629694e-05
8.774858548629694e-05
0.0002521829112129906
-0.00024112006593456775
-7.668574022955121e-05
-7.668574022955121e-05
-7.668574022955121e-05
-7.668574022955121e-05
-7.668574022955121e-05
0.0002521829112129906
8.774858548629694e-05
-0.00024112006593456775
8.774858548629694e-05
-7.668574022955121e-05
-0.00024112006593456775
-7.668574022955121e-05
-7.668574022955121e-05
-7.668574022955121e-05
-0.00024112006593456775
-7.668574022955121e-05
-7.668574022955121e-05
-7.668574022955121e-05
-7.668574022955121e-05
-7.668574022955121e-05
8.774858548629694e-05
-7.668574022955121e-05
-0.00024112006593456775
8.774858548629694e-05
-0.00024112006593456775
-0.00024112006593456775
-0.0004055543916287527
-7.668574022955121e-05
-7.668574022955121e-05
-7.668574022955121e-05
-7.668574022955121e-05
-7.668574022955121e-05
-7.668574022955121e-05
-7.668574022955121e-05
-0.00024112006593456775
-7.668574022955121e-05
-7.668574022955121e-05
-7.668574022955121e-05
-7.668574022955121e-05
-0.00024112006593456775
-0.00024112006593456775
-7.668574022955121e-05
-7.668574022955121e-05
-0.00024112006593456775
-7.668574022955121e-05
-0.00024112006593456775
-7.668574022955121e-05
-0.00024112006593456775
-0.00024112006593456775
-0.00024112006593456775
-0.0004055543916287527
-0.00024112006593456775
-0.00024112006593456775
-0.0004055543916287527
-0.00024112006593456775
-0.00024112006593456775
-0.00024112006593456775
-7.668574022955121e-05
-7.668574022955121e-05
-0.0004055543916287527
8.774858548629694e-05
-0.00024112006593456775
-0.00024112006593456775
-0.00024112006593456775
-7.668574022955121e-05
-0.00024112006593456775
-7.668574022955121e-05
-0.00024112006593456775
-0.00024112006593456775
-7.668574022955121e-05
-0.0004055543916287527
-7.668574022955121e-05
-7.668574022955121e-05
-7.668574022955121e-05
-7.668574022955121e-05
-0.00024112006593456775
-0.00024112006593456775
-0.00024112006593456775
-7.668574022955121e-05
-0.0004055543916287527
-0.00024112006593456775
-0.00024112006593456775
-0.00024112006593456775
-0.00024112006593456775
8.774858548629694e-05
-0.00024112006593456775
-0.00024112006593456775
-7.668574022955121e-05
-7.668574022955121e-05
-0.00024112006593456775
-0.00024112006593456775
-0.0004055543916287527
-7.668574022955121e-05
-0.0004055543916287527
-0.00024112006593456775
-7.668574022955121e-05
-0.00024112006593456775
-7.668574022955121e-05
-0.00024112006593456775
-0.00024112006593456775
8.774858548629694e-05
-0.00024112006593456775
-7.668574022955121e-05
-0.00024112006593456775
-7.668574022955121e-05
-0.0004055543916287527
-0.00024112006593456775
-0.00024112006593456775
-7.668574022955121e-05
-0.00024112006593456775
-0.00024112006593456775
-0.00024112006593456775
-0.00024112006593456775
-7.668574022955121e-05
-7.668574022955121e-05
-0.00024112006593456775
-0.00024112006593456775
-7.668574022955121e-05
-7.668574022955121e-05
-7.668574022955121e-05
-0.00024112006593456775
-7.668574022955121e-05
-0.00024112006593456775
-7.668574022955121e-05
-7.668574022955121e-05
-0.00024112006593456775
8.774858548629694e-05
-7.668574022955121e-05
-7.668574022955121e-05
-7.668574022955121e-05
8.774858548629694e-05
-0.00024112006593456775
-7.668574022955121e-05
-7.668574022955121e-05
8.774858548629694e-05
-7.668574022955121e-05
8.774858548629694e-05
-7.668574022955121e-05
8.774858548629694e-05
-0.00024112006593456775
-7.668574022955121e-05
8.774858548629694e-05
8.774858548629694e-05
-7.668574022955121e-05
-0.00024112006593456775
8.774858548629694e-05
8.774858548629694e-05
8.774858548629694e-05
-7.668574022955121e-05
0.0002521829112129906
8.774858548629694e-05
8.774858548629694e-05
8.774858548629694e-05
0.0002521829112129906
8.774858548629694e-05
0.0002521829112129906
8.774858548629694e-05
-7.668574022955121e-05
-7.668574022955121e-05
8.774858548629694e-05
8.774858548629694e-05
8.774858548629694e-05
-7.668574022955121e-05
8.774858548629694e-05
-7.668574022955121e-05
0.0002521829112129906
8.774858548629694e-05
0.0002521829112129906
-7.668574022955121e-05
8.774858548629694e-05
8.774858548629694e-05
8.774858548629694e-05
8.774858548629694e-05
8.774858548629694e-05
-7.668574022955121e-05
8.774858548629694e-05
8.774858548629694e-05
-7.668574022955121e-05
0.0002521829112129906
0.0002521829112129906
0.0004166172369505228
-0.00024112006593456775
0.0002521829112129906
0.0002521829112129906
0.0002521829112129906
0.0002521829112129906
-7.668574022955121e-05
8.774858548629694e-05
8.774858548629694e-05
8.774858548629694e-05
8.774858548629694e-05
8.774858548629694e-05
-7.668574022955121e-05
0.0002521829112129906
0.0002521829112129906
8.774858548629694e-05
0.0002521829112129906
8.774858548629694e-05
0.0002521829112129906
0.0002521829112129906
0.0002521829112129906
0.0002521829112129906
8.774858548629694e-05
0.0002521829112129906
8.774858548629694e-05
0.0002521829112129906
-7.668574022955121e-05
-7.668574022955121e-05
0.0002521829112129906
8.774858548629694e-05
8.774858548629694e-05
0.0004166172369505228
8.774858548629694e-05
0.0002521829112129906
0.0002521829112129906
0.0002521829112129906
-7.668574022955121e-05
8.774858548629694e-05
8.774858548629694e-05
0.0002521829112129906
0.0002521829112129906
8.774858548629694e-05
-7.668574022955121e-05
-7.668574022955121e-05
0.0002521829112129906
0.0002521829112129906
8.774858548629694e-05
0.0004166172369505228
0.0002521829112129906
0.0004166172369505228
-7.668574022955121e-05
0.0004166172369505228
8.774858548629694e-05
8.774858548629694e-05
0.0002521829112129906
-7.668574022955121e-05
0.0002521829112129906
8.774858548629694e-05
0.0002521829112129906
0.0004166172369505228
-7.668574022955121e-05
8.774858548629694e-05
0.0002521829112129906
0.0002521829112129906
0.0002521829112129906
8.774858548629694e-05
0.0002521829112129906
0.0002521829112129906
-7.668574022955121e-05
-7.668574022955121e-05
-7.668574022955121e-05
0.0002521829112129906
8.774858548629694e-05
0.0002521829112129906
8.774858548629694e-05
8.774858548629694e-05
8.774858548629694e-05
0.0002521829112129906
8.774858548629694e-05
8.774858548629694e-05
8.774858548629694e-05
8.774858548629694e-05
-7.668574022955121e-05
8.774858548629694e-05
8.774858548629694e-05
8.774858548629694e-05
0.0002521829112129906
-7.668574022955121e-05
0.0002521829112129906
8.774858548629694e-05
8.774858548629694e-05
8.774858548629694e-05
8.774858548629694e-05
8.774858548629694e-05
8.774858548629694e-05
8.774858548629694e-05
-7.668574022955121e-05
-7.668574022955121e-05
-7.668574022955121e-05
8.774858548629694e-05
8.774858548629694e-05
-7.668574022955121e-05
-0.00024112006593456775
-7.668574022955121e-05
-7.668574022955121e-05
8.774858548629694e-05
8.774858548629694e-05
-7.668574022955121e-05
8.774858548629694e-05
-7.668574022955121e-05
-0.00024112006593456775
0.0002521829112129906
-7.668574022955121e-05
-7.668574022955121e-05
8.774858548629694e-05
-0.00024112006593456775
-7.668574022955121e-05
8.774858548629694e-05
8.774858548629694e-05
-7.668574022955121e-05
8.774858548629694e-05
-7.668574022955121e-05
-7.668574022955121e-05
-0.00024112006593456775
-0.00024112006593456775
-0.00024112006593456775
-0.00024112006593456775
-7.668574022955121e-05
-0.00024112006593456775
-0.00024112006593456775
-7.668574022955121e-05
-0.00024112006593456775
8.774858548629694e-05
-0.00024112006593456775
-7.668574022955121e-05
-0.00024112006593456775
-0.00024112006593456775
-0.00024112006593456775
-0.00024112006593456775
-7.668574022955121e-05
-0.00024112006593456775
-0.00024112006593456775
-0.00024112006593456775
-0.00024112006593456775
-0.00024112006593456775
-0.00024112006593456775
-7.668574022955121e-05
-0.0004055543916287527
-7.668574022955121e-05
-0.0004055543916287527
-0.00024112006593456775
-0.00024112006593456775
-0.00024112006593456775
-0.00024112006593456775
-7.668574022955121e-05
-0.00024112006593456775
8.774858548629694e-05
-0.00024112006593456775
-7.668574022955121e-05
-0.00024112006593456775
-7.668574022955121e-05
-0.00024112006593456775
-7.668574022955121e-05
-0.0004055543916287527
-0.00024112006593456775
-0.00024112006593456775
-0.0004055543916287527
-0.00024112006593456775
-0.0004055543916287527
-0.00024112006593456775
-0.00024112006593456775
-0.00024112006593456775
-0.00024112006593456775
-0.00024112006593456775
-0.0004055543916287527
-0.00024112006593456775
-0.00024112006593456775
-7.668574022955121e-05
-0.00024112006593456775
-0.00024112006593456775
-0.00024112006593456775
-0.00024112006593456775
-0.00024112006593456775
-0.00024112006593456775
-0.00024112006593456775
-0.0004055543916287527
-0.0004055543916287527
-0.00024112006593456775
-0.00024112006593456775
-7.668574022955121e-05
-7.668574022955121e-05
-0.0004055543916287527
8.774858548629694e-05
-0.00024112006593456775
-0.00024112006593456775
-0.00024112006593456775
-7.668574022955121e-05
-0.00024112006593456775
-7.668574022955121e-05
-7.668574022955121e-05
-0.0004055543916287527
-0.0004055543916287527
-0.00024112006593456775
-7.668574022955121e-05
-0.0004055543916287527
-0.00024112006593456775
-7.668574022955121e-05
-0.00024112006593456775
8.774858548629694e-05
-7.668574022955121e-05
-0.0004055543916287527
-7.668574022955121e-05
-0.00024112006593456775
8.774858548629694e-05
-0.00024112006593456775
-7.668574022955121e-05
-7.668574022955121e-05
-0.00024112006593456775
8.774858548629694e-05
-7.668574022955121e-05
-0.00024112006593456775
-7.668574022955121e-05
-7.668574022955121e-05
8.774858548629694e-05
-0.00024112006593456775
-7.668574022955121e-05
-7.668574022955121e-05
8.774858548629694e-05
0.0002521829112129906
0.0002521829112129906
-7.668574022955121e-05
-7.668574022955121e-05
-7.668574022955121e-05
8.774858548629694e-05
-0.0004055543916287527
-0.00024112006593456775
-7.668574022955121e-05
8.774858548629694e-05
-7.668574022955121e-05
8.774858548629694e-05
8.774858548629694e-05
0.0002521829112129906
-7.668574022955121e-05
0.0002521829112129906
-7.668574022955121e-05
8.774858548629694e-05
8.774858548629694e-05
8.774858548629694e-05
-7.668574022955121e-05
-7.668574022955121e-05
-7.668574022955121e-05
-7.668574022955121e-05
0.0002521829112129906
0.0002521829112129906
-7.668574022955121e-05
-7.668574022955121e-05
8.774858548629694e-05
0.0002521829112129906
0.0002521829112129906
8.774858548629694e-05
-7.668574022955121e-05
8.774858548629694e-05
0.0002521829112129906
0.0002521829112129906
0.0002521829112129906
0.0002521829112129906
8.774858548629694e-05
0.0002521829112129906
0.0002521829112129906
0.0002521829112129906
8.774858548629694e-05
8.774858548629694e-05
0.0004166172369505228
0.0004166172369505228
8.774858548629694e-05
8.774858548629694e-05
8.774858548629694e-05
0.0004166172369505228
8.774858548629694e-05
8.774858548629694e-05
8.774858548629694e-05
8.774858548629694e-05
8.774858548629694e-05
8.774858548629694e-05
0.0002521829112129906
0.0002521829112129906
-7.668574022955121e-05
0.0002521829112129906
0.0002521829112129906
8.774858548629694e-05
8.774858548629694e-05
8.774858548629694e-05
8.774858548629694e-05
8.774858548629694e-05
0.0002521829112129906
0.0002521829112129906
-7.668574022955121e-05
8.774858548629694e-05
8.774858548629694e-05
0.0002521829112129906
0.0002521829112129906
0.0002521829112129906
8.774858548629694e-05
0.0002521829112129906
8.774858548629694e-05
8.774858548629694e-05
0.0002521829112129906
0.0002521829112129906
8.774858548629694e-05
0.0002521829112129906
0.0002521829112129906
-7.668574022955121e-05
0.0002521829112129906
0.0004166172369505228
8.774858548629694e-05
0.0002521829112129906
8.774858548629694e-05
0.0002521829112129906
8.774858548629694e-05
8.774858548629694e-05
8.774858548629694e-05
-7.668574022955121e-05
0.0002521829112129906
0.0002521829112129906
0.0002521829112129906
0.0002521829112129906
8.774858548629694e-05
8.774858548629694e-05
8.774858548629694e-05
8.774858548629694e-05
0.0002521829112129906
8.774858548629694e-05
0.0002521829112129906
8.774858548629694e-05
0.0002521829112129906
8.774858548629694e-05
8.774858548629694e-05
8.774858548629694e-05
8.774858548629694e-05
8.774858548629694e-05
8.774858548629694e-05
0.0002521829112129906
8.774858548629694e-05
-7.668574022955121e-05
8.774858548629694e-05
0.0004166172369505228
-7.668574022955121e-05
-7.668574022955121e-05
8.774858548629694e-05
0.0002521829112129906
8.774858548629694e-05
-0.00024112006593456775
0.0002521829112129906
0.0002521829112129906
-7.668574022955121e-05
-7.668574022955121e-05
-7.668574022955121e-05
0.0002521829112129906
-7.668574022955121e-05
8.774858548629694e-05
0.0002521829112129906
0.0002521829112129906
-7.668574022955121e-05
8.774858548629694e-05
8.774858548629694e-05
8.774858548629694e-05
8.774858548629694e-05
-7.668574022955121e-05
-7.668574022955121e-05
-7.668574022955121e-05
-0.00024112006593456775
8.774858548629694e-05
-7.668574022955121e-05
8.774858548629694e-05
-7.668574022955121e-05
-7.668574022955121e-05
8.774858548629694e-05
-7.668574022955121e-05
8.774858548629694e-05
-0.00024112006593456775
-7.668574022955121e-05
-7.668574022955121e-05
-7.668574022955121e-05
-7.668574022955121e-05
-7.668574022955121e-05
-7.668574022955121e-05
-7.668574022955121e-05
-0.00024112006593456775
-7.668574022955121e-05
-7.668574022955121e-05
-0.00024112006593456775
-0.00024112006593456775
8.774858548629694e-05
-7.668574022955121e-05
-0.00024112006593456775
-0.00024112006593456775
8.774858548629694e-05
-0.00024112006593456775
8.774858548629694e-05
-0.00024112006593456775
-0.0004055543916287527
-7.668574022955121e-05
-0.00024112006593456775
-0.00024112006593456775
-0.00024112006593456775
8.774858548629694e-05
8.774858548629694e-05
-0.00024112006593456775
-7.668574022955121e-05
-0.00024112006593456775
-7.668574022955121e-05
-0.0004055543916287527
-0.00024112006593456775
-7.668574022955121e-05
-0.00024112006593456775
-0.00024112006593456775
-0.00024112006593456775
8.774858548629694e-05
-0.0004055543916287527
-7.668574022955121e-05
-0.0004055543916287527
-0.00024112006593456775
-0.00024112006593456775
-7.668574022955121e-05
-0.0004055543916287527
-0.00024112006593456775
-7.668574022955121e-05
-0.00024112006593456775
-7.668574022955121e-05
-0.0004055543916287527
8.774858548629694e-05
-0.00024112006593456775
-0.00024112006593456775
8.774858548629694e-05
8.774858548629694e-05
-0.00024112006593456775
-0.00024112006593456775
-0.00024112006593456775
-7.668574022955121e-05
-7.668574022955121e-05
-0.00024112006593456775
-0.00024112006593456775
-0.00024112006593456775
-0.00024112006593456775
-0.00024112006593456775
-7.668574022955121e-05
-0.00024112006593456775
-7.668574022955121e-05
-0.00024112006593456775
-0.0004055543916287527
-0.00024112006593456775
-7.668574022955121e-05
-0.00024112006593456775
-0.00024112006593456775
-0.00024112006593456775
-7.668574022955121e-05
-7.668574022955121e-05
-0.00024112006593456775
-0.00024112006593456775
-0.00024112006593456775
-0.00024112006593456775
-0.00024112006593456775
-7.668574022955121e-05
-0.00024112006593456775
-0.00024112006593456775
-0.00024112006593456775
-0.0004055543916287527
-7.668574022955121e-05
-7.668574022955121e-05
-0.0004055543916287527
-0.00024112006593456775
-7.668574022955121e-05
-7.668574022955121e-05
8.774858548629694e-05
-0.0004055543916287527
-0.00024112006593456775
-7.668574022955121e-05
-0.00024112006593456775
-7.668574022955121e-05
-0.00024112006593456775
-0.00024112006593456775
8.774858548629694e-05
-0.00024112006593456775
-7.668574022955121e-05
-0.0004055543916287527
-7.668574022955121e-05
-7.668574022955121e-05
-7.668574022955121e-05
-7.668574022955121e-05
-7.668574022955121e-05
8.774858548629694e-05
-0.00024112006593456775
8.774858548629694e-05
8.774858548629694e-05
-7.668574022955121e-05
8.774858548629694e-05
-7.668574022955121e-05
-0.00024112006593456775
-0.00024112006593456775
0.0002521829112129906
-0.00024112006593456775
-0.00024112006593456775
8.774858548629694e-05
8.774858548629694e-05
8.774858548629694e-05
8.774858548629694e-05
0.0002521829112129906
8.774858548629694e-05
-7.668574022955121e-05
8.774858548629694e-05
8.774858548629694e-05
8.774858548629694e-05
8.774858548629694e-05
8.774858548629694e-05
-7.668574022955121e-05
0.0002521829112129906
-7.668574022955121e-05
8.774858548629694e-05
8.774858548629694e-05
8.774858548629694e-05
0.0002521829112129906
8.774858548629694e-05
8.774858548629694e-05
-7.668574022955121e-05
8.774858548629694e-05
8.774858548629694e-05
8.774858548629694e-05
0.0002521829112129906
-7.668574022955121e-05
8.774858548629694e-05
8.774858548629694e-05
-7.668574022955121e-05
8.774858548629694e-05
0.0002521829112129906
0.0002521829112129906
8.774858548629694e-05
8.774858548629694e-05
0.0002521829112129906
8.774858548629694e-05
-7.668574022955121e-05
8.774858548629694e-05
0.0002521829112129906
8.774858548629694e-05
8.774858548629694e-05
8.774858548629694e-05
0.0002521829112129906
0.0002521829112129906
8.774858548629694e-05
0.0002521829112129906
0.0002521829112129906
0.0002521829112129906
-7.668574022955121e-05
8.774858548629694e-05
8.774858548629694e-05
0.0002521829112129906
0.0002521829112129906
0.0002521829112129906
-7.668574022955121e-05
8.774858548629694e-05
0.0002521829112129906
8.774858548629694e-05
0.0002521829112129906
0.0002521829112129906
0.0002521829112129906
0.0002521829112129906
8.774858548629694e-05
0.0002521829112129906
8.774858548629694e-05
0.0002521829112129906
0.0002521829112129906
8.774858548629694e-05
8.774858548629694e-05
0.0002521829112129906
8.774858548629694e-05
0.0002521829112129906
0.0002521829112129906
8.774858548629694e-05
0.0002521829112129906
0.0002521829112129906
0.0002521829112129906
8.774858548629694e-05
0.0002521829112129906
-7.668574022955121e-05
0.0004166172369505228
8.774858548629694e-05
8.774858548629694e-05
-7.668574022955121e-05
0.0002521829112129906
-7.668574022955121e-05
0.0002521829112129906
0.0002521829112129906
8.774858548629694e-05
8.774858548629694e-05
8.774858548629694e-05
0.0004166172369505228
0.0002521829112129906
8.774858548629694e-05
8.774858548629694e-05
0.0002521829112129906
8.774858548629694e-05
0.0002521829112129906
8.774858548629694e-05
0.0002521829112129906
8.774858548629694e-05
0.0002521829112129906
0.0002521829112129906
8.774858548629694e-05
0.0002521829112129906
8.774858548629694e-05
0.0002521829112129906
-7.668574022955121e-05
0.0002521829112129906
0.0002521829112129906
8.774858548629694e-05
-7.668574022955121e-05
0.0002521829112129906
0.0002521829112129906
-7.668574022955121e-05
8.774858548629694e-05
8.774858548629694e-05
0.0002521829112129906
-0.00024112006593456775
0.0002521829112129906
0.0002521829112129906
0.0002521829112129906
8.774858548629694e-05
-7.668574022955121e-05
0.0002521829112129906
0.0002521829112129906
8.774858548629694e-05
-7.668574022955121e-05
-7.668574022955121e-05
-0.00024112006593456775
-7.668574022955121e-05
0.0002521829112129906
-7.668574022955121e-05
-7.668574022955121e-05
8.774858548629694e-05
8.774858548629694e-05
-7.668574022955121e-05
-7.668574022955121e-05
-7.668574022955121e-05
8.774858548629694e-05
8.774858548629694e-05
-7.668574022955121e-05
8.774858548629694e-05
8.774858548629694e-05
-7.668574022955121e-05
-7.668574022955121e-05
-7.668574022955121e-05
0.0002521829112129906
-7.668574022955121e-05
-7.668574022955121e-05
-7.668574022955121e-05
-7.668574022955121e-05
0.0002521829112129906
8.774858548629694e-05
-7.668574022955121e-05
-7.668574022955121e-05
-7.668574022955121e-05
-7.668574022955121e-05
8.774858548629694e-05
8.774858548629694e-05
-0.0004055543916287527
-0.00024112006593456775
8.774858548629694e-05
8.774858548629694e-05
8.774858548629694e-05
-7.668574022955121e-05
-7.668574022955121e-05
8.774858548629694e-05
0.016202312558810952
0.04366284529395333
0.05747532894915802
0.07194555001336761
0.08098943822748068
0.13114190994796598
0.18984496865705908
0.22865147350783716
0.26301825185659133
0.2832436767780862
0.31333516312555587
0.33504049791449303
0.3477019433569268
0.36842067250478916
0.41347568775377785
0.4485002079604204
0.45655749208632507
0.45672192645677445
0.4621482606936225
0.47974273853247296
0.4606683513539832
0.435838761579491
0.41659994069184797
0.4001565042579276
0.3896327050458197
0.3347116292031774
0.2756796966957495
0.2342422412286303
0.19560017059289753
0.16600198940539015
0.1319640816259656
0.1020370327665879
0.08312708453822738
0.06898573206062676
0.028699321428388474
0.0002521829112129906
-0.006654058760019919
-0.004351978205049928
-0.011587088513632833
-0.028523823929280996
-0.011915957163534364
0.014886837944756245
0.032481310967723026
0.04958248113581915
0.06125731853628842
0.11765829447787919
0.1791567365398437
0.22454061490150098
0.2689378883921842
0.30182475844156254
0.33849361938779937
0.3745047438204862
0.40393849461981357
0.46938337304587835
0.5777456291592009
4.924424357728201
5.003682694404421
4.949583121194482
4.949583121194482
4.949747557566626
4.949583121194482
4.949583121194482
4.949583121194482
4.949747557566626
4.949418684822461
4.949418684822461
4.949583121194482
4.949418684822461
4.949747557566626
4.949418684822461
4.949747557566626
4.949911993938896
4.949911993938896
4.949747557566626
4.949747557566626
4.949911993938896
4.949418684822461
4.949747557566626
4.949583121194482
4.949747557566626
4.949583121194482
4.949583121194482
4.949747557566626
4.949747557566626
4.949583121194482
4.949911993938896
4.949747557566626
4.949747557566626
4.949747557566626
4.949747557566626
4.949911993938896
4.949747557566626
4.949911993938896
4.949583121194482
4.949911993938896
4.949911993938896
4.949911993938896
4.949747557566626
4.949583121194482
4.949911993938896
4.949747557566626
4.949911993938896
4.949747557566626
4.949747557566626
4.949583121194482
4.949911993938896
4.949911993938896
4.949747557566626
4.949911993938896
4.950076430311292
4.949747557566626
4.949747557566626
4.949747557566626
4.949911993938896
4.950076430311292
4.949747557566626
4.949747557566626
4.949911993938896
4.949911993938896
4.949911993938896
4.949911993938896
4.949911993938896
4.950076430311292
4.949911993938896
4.949911993938896
4.949911993938896
4.949911993938896
4.949747557566626
4.950076430311292
4.949911993938896
4.949911993938896
4.949911993938896
4.950076430311292
4.950076430311292
4.950076430311292
4.949911993938896
4.949911993938896
4.949911993938896
4.950076430311292
4.949911993938896
4.949911993938896
4.949911993938896
4.950076430311292
4.949911993938896
4.950076430311292
4.949747557566626
4.950240866683813
4.950076430311292
4.949911993938896
4.949911993938896
4.950076430311292
4.950076430311292
4.950076430311292
4.949911993938896
4.949747557566626
4.950076430311292
4.950076430311292
4.949911993938896
4.950076430311292
4.949911993938896
4.949911993938896
4.949747557566626
4.950076430311292
4.949911993938896
4.949911993938896
4.949747557566626
4.950076430311292
4.949911993938896
4.949911993938896
4.949911993938896
4.950076430311292
4.950076430311292
4.950076430311292
4.950076430311292
4.949911993938896
4.949911993938896
4.950076430311292
4.949911993938896
4.950076430311292
4.949911993938896
4.950076430311292
4.950076430311292
4.950240866683813
4.949911993938896
4.949911993938896
4.949911993938896
4.950240866683813
4.950076430311292
4.949747557566626
4.950076430311292
4.950076430311292
4.950076430311292
4.950076430311292
4.950076430311292
4.950240866683813
4.950240866683813
4.950076430311292
4.950076430311292
4.950076430311292
4.950076430311292
4.950076430311292
4.950240866683813
4.950240866683813
4.950076430311292
4.950405303056457
4.949911993938896
4.949911993938896
4.950076430311292
4.949911993938896
4.950076430311292
4.950076430311292
4.950076430311292
4.950076430311292
4.950076430311292
4.950076430311292
4.949911993938896
4.950240866683813
4.950076430311292
4.950076430311292
4.950076430311292
4.949911993938896
4.950076430311292
4.950076430311292
4.950076430311292
4.949911993938896
4.950076430311292
4.949911993938896
4.950405303056457
4.950076430311292
4.950076430311292
4.950076430311292
4.949747557566626
4.950240866683813
4.950240866683813
4.950076430311292
4.949911993938896
4.950240866683813
4.949911993938896
4.949747557566626
4.950076430311292
4.950076430311292
4.949911993938896
4.950076430311292
4.950240866683813
4.949911993938896
4.950076430311292
4.949747557566626
4.950076430311292
4.949747557566626
4.950076430311292
4.949911993938896
4.949747557566626
4.949911993938896
4.949747557566626
4.950076430311292
4.949911993938896
4.949747557566626
4.949747557566626
4.949911993938896
4.950240866683813
4.949911993938896
4.950076430311292
4.949747557566626
4.950076430311292
4.950076430311292
4.949747557566626
4.949747557566626
4.949747557566626
4.949911993938896
4.949747557566626
4.949911993938896
4.949747557566626
4.949911993938896
4.950076430311292
4.949583121194482
4.950076430311292
4.949911993938896
4.949747557566626
4.949747557566626
4.949747557566626
4.949747557566626
4.950076430311292
4.950076430311292
4.949911993938896
4.949747557566626
4.949911993938896
4.949911993938896
4.949747557566626
4.949911993938896
4.949747557566626
4.949747557566626
4.949747557566626
4.949583121194482
4.949911993938896
4.949747557566626
4.949418684822461
4.949747557566626
4.949747557566626
4.949583121194482
4.949747557566626
4.949747557566626
4.949747557566626
4.949911993938896
4.949911993938896
4.949911993938896
4.949911993938896
4.949747557566626
4.949911993938896
4.949747557566626
4.949911993938896
4.949583121194482
4.949583121194482
4.949747557566626
4.949583121194482
4.949747557566626
4.949583121194482
4.949583121194482
4.949747557566626
4.949747557566626
4.949747557566626
4.949747557566626
4.949583121194482
4.949583121194482
4.949418684822461
4.949747557566626
4.949911993938896
4.949747557566626
4.949583121194482
4.949747557566626
4.949583121194482
4.949747557566626
4.949747557566626
4.949583121194482
4.949747557566626
4.949583121194482
4.949418684822461
4.949747557566626
4.949747557566626
4.949418684822461
4.949583121194482
4.949747557566626
4.949583121194482
4.949747557566626
4.949911993938896
4.949747557566626
4.949583121194482
4.949747557566626
4.949583121194482
4.949583121194482
4.949747557566626
4.949418684822461
4.949583121194482
4.949583121194482
4.949747557566626
4.949583121194482
4.949747557566626
4.949583121194482
4.949911993938896
4.949747557566626
4.949583121194482
4.949583121194482
4.949747557566626
4.949747557566626
4.949747557566626
4.949583121194482
4.949583121194482
4.949583121194482
4.949747557566626
4.949747557566626
4.949747557566626
4.949747557566626
4.949747557566626
4.949747557566626
4.949583121194482
4.949747557566626
4.949747557566626
4.949911993938896
4.949911993938896
4.949747557566626
4.950076430311292
4.949911993938896
4.949911993938896
4.949911993938896
4.949747557566626
4.949911993938896
4.949747557566626
4.949911993938896
4.949911993938896
4.949747557566626
4.949747557566626
4.949911993938896
4.949747557566626
4.949747557566626
4.950076430311292
4.949911993938896
4.949747557566626
4.949747557566626
4.949911993938896
4.950076430311292
4.950076430311292
4.949911993938896
4.950076430311292
4.949747557566626
4.950076430311292
4.950076430311292
4.949911993938896
4.949911993938896
4.949911993938896
4.949911993938896
4.949911993938896
4.950076430311292
4.950076430311292
4.950076430311292
4.950076430311292
4.950076430311292
4.949911993938896
4.950076430311292
4.950076430311292
4.950076430311292
4.949911993938896
4.950076430311292
4.950076430311292
4.950076430311292
4.949747557566626
4.949911993938896
4.950076430311292
4.950076430311292
4.950076430311292
4.949911993938896
4.950076430311292
4.949911993938896
4.950076430311292
4.949911993938896
4.950240866683813
4.949911993938896
4.950076430311292
4.949911993938896
4.950240866683813
4.950076430311292
4.949911993938896
4.950405303056457
4.950240866683813
4.950569739429229
4.950076430311292
4.950240866683813
4.950076430311292
4.950076430311292
4.950076430311292
4.950240866683813
4.950076430311292
4.950076430311292
4.950240866683813
4.950076430311292
4.950076430311292
4.949911993938896
4.950076430311292
4.950240866683813
4.950240866683813
4.949911993938896
4.950076430311292
4.949911993938896
4.950240866683813
4.949911993938896
4.950076430311292
4.949911993938896
4.950240866683813
4.950076430311292
4.950076430311292
4.950240866683813
4.949911993938896
4.950076430311292
4.950240866683813
4.950240866683813
4.950240866683813
4.950240866683813
4.950076430311292
4.950405303056457
4.950240866683813
4.949911993938896
4.950240866683813
4.950405303056457
4.949911993938896
4.950076430311292
4.950405303056457
4.950076430311292
4.950076430311292
4.950076430311292
4.950076430311292
4.949911993938896
4.950405303056457
4.950240866683813
4.950240866683813
4.950405303056457
4.950076430311292
4.950240866683813
4.950405303056457
4.950076430311292
4.950240866683813
4.950076430311292
4.950076430311292
4.950076430311292
4.950240866683813
4.950240866683813
4.949911993938896
4.949911993938896
4.950240866683813
4.950076430311292
4.950240866683813
4.950076430311292
4.949911993938896
4.949911993938896
4.949911993938896
4.950405303056457
4.950076430311292
4.949911993938896
4.950240866683813
4.949911993938896
4.950076430311292
4.949911993938896
4.950076430311292
4.949911993938896
4.949911993938896
4.950076430311292
4.950076430311292
4.949911993938896
4.950076430311292
4.949747557566626
4.950076430311292
4.949911993938896
4.950076430311292
4.949911993938896
4.949911993938896
4.949911993938896
4.950076430311292
4.949911993938896
4.949911993938896
4.949911993938896
4.949747557566626
4.949911993938896
4.949911993938896
4.949911993938896
4.949911993938896
4.950076430311292
4.950076430311292
4.949911993938896
4.949911993938896
4.950240866683813
4.949911993938896
4.949747557566626
4.949911993938896
4.949747557566626
4.949747557566626
4.949911993938896
4.950076430311292
4.949911993938896
4.949911993938896
4.950076430311292
4.949747557566626
4.949911993938896
4.949747557566626
4.949747557566626
4.949747557566626
4.949747557566626
4.949747557566626
4.949747557566626
4.949747557566626
4.949747557566626
4.949747557566626
4.949747557566626
4.949747557566626
4.949747557566626
4.949747557566626
4.949747557566626
4.949747557566626
4.949911993938896
4.949747557566626
4.949911993938896
4.949911993938896
4.949911993938896
4.949583121194482
4.949911993938896
4.949911993938896
4.949911993938896
4.949747557566626
4.949747557566626
4.949747557566626
4.949747557566626
4.949747557566626
4.949747557566626
4.949418684822461
4.949747557566626
4.949911993938896
4.949747557566626
4.949911993938896
4.949747557566626
4.949747557566626
4.949747557566626
4.949747557566626
4.949747557566626
4.949747557566626
4.949747557566626
4.949583121194482
4.949747557566626
4.949747557566626
4.949747557566626
4.949747557566626
4.949911993938896
4.949747557566626
4.949911993938896
4.949747557566626
4.949747557566626
4.949418684822461
4.949747557566626
4.949583121194482
4.949747557566626
4.949583121194482
4.949583121194482
4.949747557566626
4.949583121194482
4.949583121194482
4.949747557566626
4.949583121194482
4.949911993938896
4.949747557566626
4.949747557566626
4.949583121194482
4.949747557566626
4.949747557566626
4.949747557566626
4.949747557566626
4.949747557566626
4.949747557566626
4.949583121194482
4.949747557566626
4.949583121194482
4.950076430311292
4.949583121194482
4.949747557566626
4.949747557566626
4.949747557566626
4.949747557566626
4.949583121194482
4.949747557566626
4.949747557566626
4.949747557566626
4.949747557566626
4.950076430311292
4.949911993938896
4.949911993938896
4.949747557566626
4.949911993938896
4.949911993938896
4.949911993938896
4.949911993938896
4.949747557566626
4.949911993938896
4.949583121194482
4.949911993938896
4.949911993938896
4.949911993938896
4.949747557566626
4.949911993938896
4.949911993938896
4.949911993938896
4.950076430311292
4.949911993938896
4.949747557566626
4.949911993938896
4.949911993938896
4.949911993938896
4.949911993938896
4.950076430311292
4.949747557566626
4.949911993938896
4.949747557566626
4.949911993938896
4.949911993938896
4.950076430311292
4.950076430311292
4.949911993938896
4.949911993938896
4.950240866683813
4.949911993938896
4.949911993938896
4.949911993938896
4.950076430311292
4.949911993938896
4.949911993938896
4.950076430311292
4.950076430311292
4.949911993938896
4.949747557566626
4.950076430311292
4.949911993938896
4.950076430311292
4.950076430311292
4.949911993938896
4.949911993938896
4.950076430311292
4.949911993938896
4.950240866683813
4.950240866683813
4.950076430311292
4.950076430311292
4.950240866683813
4.949911993938896
4.950240866683813
4.950076430311292
4.949911993938896
4.950076430311292
4.950076430311292
4.950076430311292
4.950076430311292
4.950076430311292
4.950076430311292
4.950405303056457
4.950405303056457
4.950405303056457
4.950076430311292
4.950076430311292
4.950240866683813
4.950240866683813
4.950240866683813
4.949911993938896
4.950076430311292
4.950405303056457
4.950076430311292
4.950076430311292
4.949911993938896
4.950240866683813
4.950076430311292
4.950405303056457
4.949911993938896
4.949747557566626
4.950076430311292
4.950076430311292
4.949911993938896
4.950076430311292
4.950076430311292
4.950076430311292
4.950240866683813
4.950405303056457
4.950076430311292
4.949911993938896
4.950076430311292
4.949911993938896
4.950076430311292
4.950076430311292
4.950405303056457
4.950405303056457
4.950076430311292
4.950405303056457
4.950405303056457
4.950240866683813
4.950076430311292
4.949911993938896
4.950076430311292
4.950405303056457
4.950405303056457
4.950076430311292
4.950076430311292
4.950076430311292
4.950240866683813
4.950405303056457
4.950405303056457
4.950405303056457
4.950076430311292
4.950076430311292
4.950240866683813
4.950240866683813
4.950240866683813
4.950240866683813
4.950076430311292
4.950405303056457
4.950076430311292
4.950076430311292
4.950405303056457
4.949911993938896
4.949911993938896
4.950240866683813
4.950240866683813
4.950405303056457
4.950240866683813
4.950076430311292
4.950240866683813
4.949911993938896
4.950240866683813
4.949911993938896
4.950240866683813
4.950240866683813
4.950076430311292
4.950076430311292
4.949911993938896
4.950076430311292
4.950076430311292
4.949911993938896
4.950240866683813
4.950240866683813
4.949911993938896
4.950076430311292
4.950076430311292
4.950076430311292
4.950076430311292
4.950076430311292
4.950076430311292
4.950076430311292
4.949911993938896
4.949911993938896
4.950240866683813
4.949747557566626
4.949911993938896
4.949911993938896
4.949911993938896
4.949747557566626
4.950076430311292
4.950240866683813
4.949911993938896
4.950076430311292
4.949911993938896
4.949747557566626
4.949911993938896
4.949911993938896
4.949911993938896
4.949911993938896
4.949747557566626
4.949911993938896
4.949911993938896
4.950076430311292
4.949747557566626
4.949911993938896
4.949747557566626
4.949911993938896
4.949911993938896
4.949911993938896
4.949911993938896
4.950076430311292
4.950240866683813
4.949911993938896
4.950076430311292
4.949911993938896
4.949747557566626
4.949747557566626
4.949911993938896
4.949747557566626
4.949747557566626
4.949747557566626
4.949747557566626
4.949747557566626
4.949911993938896
4.949747557566626
4.949747557566626
4.949583121194482
4.949911993938896
4.949911993938896
4.949911993938896
4.949747557566626
4.949747557566626
4.949747557566626
4.950076430311292
4.949911993938896
4.949911993938896
4.949747557566626
4.949747557566626
4.949747557566626
4.949911993938896
4.949747557566626
4.949747557566626
4.949747557566626
4.949747557566626
4.949911993938896
4.950076430311292
4.949747557566626
4.949911993938896
4.949747557566626
4.949911993938896
4.949747557566626
4.949911993938896
4.949747557566626
4.949911993938896
4.950076430311292
4.949747557566626
4.949747557566626
4.949747557566626
4.949911993938896
4.949911993938896
4.949747557566626
4.949747557566626
4.949583121194482
4.949747557566626
4.949911993938896
4.949747557566626
4.949911993938896
4.949747557566626
4.949747557566626
4.949911993938896
4.949911993938896
4.949747557566626
4.949747557566626
4.949747557566626
4.949747557566626
4.949583121194482
4.949747557566626
4.949747557566626
4.949583121194482
4.949583121194482
4.949583121194482
4.949583121194482
4.949747557566626
4.949911993938896
4.949911993938896
4.949747557566626
4.949583121194482
4.949583121194482
4.949747557566626
4.949747557566626
4.949747557566626
4.949911993938896
4.950076430311292
4.949747557566626
4.949911993938896
4.949747557566626
4.949911993938896
4.949747557566626
4.949747557566626
4.949747557566626
4.949747557566626
4.950076430311292
4.949911993938896
4.949911993938896
4.949911993938896
4.949911993938896
4.949911993938896
4.949911993938896
4.949747557566626
4.949911993938896
4.949911993938896
4.949911993938896
4.949747557566626
4.950076430311292
4.949911993938896
4.950076430311292
4.950076430311292
4.949911993938896
4.950076430311292
4.950076430311292
4.950076430311292
4.949911993938896
4.949911993938896
4.950076430311292
4.949911993938896
4.949747557566626
4.949911993938896
4.950240866683813
4.950076430311292
4.950076430311292
4.949911993938896
4.950405303056457
4.950240866683813
4.950240866683813
4.950076430311292
4.949911993938896
4.950076430311292
4.950076430311292
4.950405303056457
4.950405303056457
4.950076430311292
4.949911993938896
4.950076430311292
4.950240866683813
4.950076430311292
4.950076430311292
4.950076430311292
4.950240866683813
4.950240866683813
4.950076430311292
4.949911993938896
4.949911993938896
4.950076430311292
4.950076430311292
4.950240866683813
4.949911993938896
4.950405303056457
4.950076430311292
4.950240866683813
4.950076430311292
4.949911993938896
4.949911993938896
4.950076430311292
4.950076430311292
4.950076430311292
4.950076430311292
4.950076430311292
4.950240866683813
4.950240866683813
4.949911993938896
4.950240866683813
4.950076430311292
4.950405303056457
4.950076430311292
4.950240866683813
4.950405303056457
4.950076430311292
4.950240866683813
4.950405303056457
4.949911993938896
4.950240866683813
4.950240866683813
4.950405303056457
4.950405303056457
4.950076430311292
4.950240866683813
4.950405303056457
4.950240866683813
4.950240866683813
4.950405303056457
4.950076430311292
4.950240866683813
4.950076430311292
4.950240866683813
4.950240866683813
4.950076430311292
4.950076430311292
4.950076430311292
4.950240866683813
4.950405303056457
4.950076430311292
4.950076430311292
4.950405303056457
4.950405303056457
4.950240866683813
4.950405303056457
4.950240866683813
4.950076430311292
4.950240866683813
4.950405303056457
4.950240866683813
4.950240866683813
4.950240866683813
4.950076430311292
4.950076430311292
4.950240866683813
4.950405303056457
4.950240866683813
4.950405303056457
4.950076430311292
4.950405303056457
4.950076430311292
4.950076430311292
4.950076430311292
4.950076430311292
4.950076430311292
4.950076430311292
4.950076430311292
4.950405303056457
4.950076430311292
4.950076430311292
4.950076430311292
4.950076430311292
4.950405303056457
4.950240866683813
4.950076430311292
4.950240866683813
4.950076430311292
4.950076430311292
4.950076430311292
4.950405303056457
4.950076430311292
4.950076430311292
4.950076430311292
4.950076430311292
4.950076430311292
4.949911993938896
4.950076430311292
4.949911993938896
4.949747557566626
4.950076430311292
4.949911993938896
4.949911993938896
4.950076430311292
4.950076430311292
4.950240866683813
4.950076430311292
4.949911993938896
4.950076430311292
4.950076430311292
4.950076430311292
4.950076430311292
4.950076430311292
4.949747557566626
4.949911993938896
4.949911993938896
4.950076430311292
4.949911993938896
4.949911993938896
4.950076430311292
4.949911993938896
4.949911993938896
4.950076430311292
4.949911993938896
4.950076430311292
4.949911993938896
4.949911993938896
4.949911993938896
4.949747557566626
4.950076430311292
4.949911993938896
4.949911993938896
4.950076430311292
4.949911993938896
4.950076430311292
4.949747557566626
4.949911993938896
4.950076430311292
4.949911993938896
4.949583121194482
4.949747557566626
4.949747557566626
4.949747557566626
4.949911993938896
4.949747557566626
4.949747557566626
4.949747557566626
4.949911993938896
4.949911993938896
4.949911993938896
4.949911993938896
4.949747557566626
4.949911993938896
4.949911993938896
4.949747557566626
4.949911993938896
4.949911993938896
4.949747557566626
4.949911993938896
4.949911993938896
4.949747557566626
4.950076430311292
4.949911993938896
4.949747557566626
4.949418684822461
4.949747557566626
4.949747557566626
4.949747557566626
4.949583121194482
4.949747557566626
4.949911993938896
4.949747557566626
4.949911993938896
4.949911993938896
4.949747557566626
4.949747557566626
4.949911993938896
4.949583121194482
4.949583121194482
4.949747557566626
4.949747557566626
4.949911993938896
4.949583121194482
4.949747557566626
4.949747557566626
4.949583121194482
4.949911993938896
4.949418684822461
4.949747557566626
4.949747557566626
4.949583121194482
4.949911993938896
4.949911993938896
4.949911993938896
4.949911993938896
4.949747557566626
4.949747557566626
4.949583121194482
4.949583121194482
4.949418684822461
4.949747557566626
4.949583121194482
4.949747557566626
4.949583121194482
4.949583121194482
4.949747557566626
4.949911993938896
4.949583121194482
4.949911993938896
4.949911993938896
4.949747557566626
4.949747557566626
4.949911993938896
4.949911993938896
4.949747557566626
4.949747557566626
4.949747557566626
4.949747557566626
4.949911993938896
4.949911993938896
4.949911993938896
4.949911993938896
4.949747557566626
4.949747557566626
4.949911993938896
4.949911993938896
4.949747557566626
4.950076430311292
4.949747557566626
4.949747557566626
4.949911993938896
4.949911993938896
4.950076430311292
4.949911993938896
4.950076430311292
4.949911993938896
4.949911993938896
4.949911993938896
4.949911993938896
4.950076430311292
4.949747557566626
4.949911993938896
4.949911993938896
4.950076430311292
4.949911993938896
4.949911993938896
4.949911993938896
4.949911993938896
4.949911993938896
4.950076430311292
4.950240866683813
4.949911993938896
4.950076430311292
4.949911993938896
4.949911993938896
4.950076430311292
4.950240866683813
4.950076430311292
4.949911993938896
4.950076430311292
4.950076430311292
4.950405303056457
4.950240866683813
4.949911993938896
4.950076430311292
4.950076430311292
4.950405303056457
4.950240866683813
4.950076430311292
4.949911993938896
4.949911993938896
4.950076430311292
4.949911993938896
4.950076430311292
4.950076430311292
4.949911993938896
4.949911993938896
4.950240866683813
4.950076430311292
4.949911993938896
4.949911993938896
4.949911993938896
4.950076430311292
4.950076430311292
4.950240866683813
4.950076430311292
4.950076430311292
4.950076430311292
4.949911993938896
4.950076430311292
4.950076430311292
4.949911993938896
4.950240866683813
4.950405303056457
4.950405303056457
4.950240866683813
4.950076430311292
4.950240866683813
4.950240866683813
4.949911993938896
4.950405303056457
4.950240866683813
4.949911993938896
4.950405303056457
4.950076430311292
4.950076430311292
4.950076430311292
4.950076430311292
4.950240866683813
4.950240866683813
4.950076430311292
4.949747557566626
4.950240866683813
4.950405303056457
4.949911993938896
4.950076430311292
4.949911993938896
4.950076430311292
4.950076430311292
4.950240866683813
4.950240866683813
4.950076430311292
4.949911993938896
4.950240866683813
4.950240866683813
4.950076430311292
4.949911993938896
4.949911993938896
4.949911993938896
4.950405303056457
4.950076430311292
4.950240866683813
4.949911993938896
4.950076430311292
4.950076430311292
4.950240866683813
4.949911993938896
4.949911993938896
4.950240866683813
4.949911993938896
4.950076430311292
4.950076430311292
4.950240866683813
4.950405303056457
4.950076430311292
4.950240866683813
4.950405303056457
4.950405303056457
4.950405303056457
4.950076430311292
4.949911993938896
4.950076430311292
4.950076430311292
4.950076430311292
4.950076430311292
4.949911993938896
4.950076430311292
4.949911993938896
4.949911993938896
4.950076430311292
4.949911993938896
4.950076430311292
4.950240866683813
4.950405303056457
4.950240866683813
4.950076430311292
4.950240866683813
4.950076430311292
4.949911993938896
4.950076430311292
4.950240866683813
4.950240866683813
4.950076430311292
4.950076430311292
4.950076430311292
4.950076430311292
4.950076430311292
4.949911993938896
4.949911993938896
4.950076430311292
4.949911993938896
4.950240866683813
4.949911993938896
4.950240866683813
4.949911993938896
4.949911993938896
4.949911993938896
4.949911993938896
4.949747557566626
4.949911993938896
4.950076430311292
4.949911993938896
4.950240866683813
4.949911993938896
4.949911993938896
4.949747557566626
4.949747557566626
4.949911993938896
4.949911993938896
4.949911993938896
4.949911993938896
4.949747557566626
4.949747557566626
4.950240866683813
4.950076430311292
4.949911993938896
4.949747557566626
4.950076430311292
4.949747557566626
4.949911993938896
4.949911993938896
4.949911993938896
4.949747557566626
4.950076430311292
4.949747557566626
4.949911993938896
4.949911993938896
4.950076430311292
4.950076430311292
4.950076430311292
4.949911993938896
4.949911993938896
4.949747557566626
4.950076430311292
4.950076430311292
4.949911993938896
4.949747557566626
4.949911993938896
4.949747557566626
4.949911993938896
4.949911993938896
4.949911993938896
4.949911993938896
4.950076430311292
4.949747557566626
4.949747557566626
4.949911993938896
4.949747557566626
4.949747557566626
4.949747557566626
4.949747557566626
4.949583121194482
4.949747557566626
4.949747557566626
4.949583121194482
4.949747557566626
4.949747557566626
4.949747557566626
4.949747557566626
4.949747557566626
4.949418684822461
4.949583121194482
4.949583121194482
4.949418684822461
4.949418684822461
4.949747557566626
4.949583121194482
4.949747557566626
4.949418684822461
4.949747557566626
4.949747557566626
4.949583121194482
4.949583121194482
4.949583121194482
4.949418684822461
4.949747557566626
4.949418684822461
4.949747557566626
4.949418684822461
4.949583121194482
4.949583121194482
4.949583121194482
4.949747557566626
4.949418684822461
4.949583121194482
4.949747557566626
4.949583121194482
4.949747557566626
4.949747557566626
4.949583121194482
4.949911993938896
4.949747557566626
4.949911993938896
4.949747557566626
4.949747557566626
4.949583121194482
4.949747557566626
4.949747557566626
4.949418684822461
4.949911993938896
4.949747557566626
4.949583121194482
4.949747557566626
4.949747557566626
4.950076430311292
4.950076430311292
4.949911993938896
4.949911993938896
4.949747557566626
4.949911993938896
4.949911993938896
4.949747557566626
4.949583121194482
4.949747557566626
4.949911993938896
4.949911993938896
4.949583121194482
4.949911993938896
4.949911993938896
4.949747557566626
4.949911993938896
4.949747557566626
4.949911993938896
4.949911993938896
4.949747557566626
4.949911993938896
4.949911993938896
4.949911993938896
4.949911993938896
4.949911993938896
4.949911993938896
4.949911993938896
4.950076430311292
4.962409158597874
4.976550687901595
4.942512357310567
4.922779994204611
4.902554323881747
4.884301891299135
4.865720587621945
4.807510142012527
4.750944073904011
4.710492766513649
4.666752743088561
4.641429575472092
4.601471595894312
4.582561443363812
4.571379788680686
4.574997382783919
4.547536556225894
4.5422746018057385
4.560362570622263
4.584205804392092
4.664943945308554
4.881342037510485
0.047938137844862005
0.08756681149821431
8.774858548629694e-05
0.0002521829112129906
-7.668574022955121e-05
-7.668574022955121e-05
0.0002521829112129906
0.0002521829112129906
0.0002521829112129906
8.774858548629694e-05
8.774858548629694e-05
8.774858548629694e-05
0.0002521829112129906
8.774858548629694e-05
0.0002521829112129906
0.0002521829112129906
8.774858548629694e-05
0.0004166172369505228
0.0002521829112129906
0.0002521829112129906
0.0002521829112129906
8.774858548629694e-05
0.0002521829112129906
-7.668574022955121e-05
0.0002521829112129906
0.0002521829112129906
8.774858548629694e-05
0.0002521829112129906
0.0002521829112129906
0.0002521829112129906
0.0002521829112129906
0.0002521829112129906
-7.668574022955121e-05
0.0002521829112129906
8.774858548629694e-05
0.0002521829112129906
8.774858548629694e-05
0.0002521829112129906
-7.668574022955121e-05
-7.668574022955121e-05
8.774858548629694e-05
0.0002521829112129906
0.0004166172369505228
0.0002521829112129906
0.0002521829112129906
8.774858548629694e-05
8.774858548629694e-05
8.774858548629694e-05
0.0002521829112129906
8.774858548629694e-05
0.0004166172369505228
-7.668574022955121e-05
8.774858548629694e-05
-7.668574022955121e-05
0.0002521829112129906
0.0002521829112129906
0.0002521829112129906
0.0002521829112129906
8.774858548629694e-05
0.0002521829112129906
0.0002521829112129906
0.0002521829112129906
-7.668574022955121e-05
8.774858548629694e-05
8.774858548629694e-05
0.0002521829112129906
0.0002521829112129906
0.0002521829112129906
-7.668574022955121e-05
0.0002521829112129906
-7.668574022955121e-05
8.774858548629694e-05
0.0002521829112129906
8.774858548629694e-05
8.774858548629694e-05
0.0002521829112129906
0.0002521829112129906
0.0002521829112129906
8.774858548629694e-05
-7.668574022955121e-05
0.0002521829112129906
8.774858548629694e-05
8.774858548629694e-05
0.0002521829112129906
8.774858548629694e-05
0.0002521829112129906
8.774858548629694e-05
8.774858548629694e-05
8.774858548629694e-05
8.774858548629694e-05
8.774858548629694e-05
8.774858548629694e-05
0.0002521829112129906
8.774858548629694e-05
8.774858548629694e-05
0.0004166172369505228
-7.668574022955121e-05
0.0002521829112129906
8.774858548629694e-05
8.774858548629694e-05
0.0002521829112129906
-7.668574022955121e-05
0.0002521829112129906
-7.668574022955121e-05
8.774858548629694e-05
-7.668574022955121e-05
-7.668574022955121e-05
-7.668574022955121e-05
-7.668574022955121e-05
-7.668574022955121e-05
-7.668574022955121e-05
8.774858548629694e-05
8.774858548629694e-05
-7.668574022955121e-05
8.774858548629694e-05
-7.668574022955121e-05
-0.00024112006593456775
-7.668574022955121e-05
8.774858548629694e-05
-7.668574022955121e-05
8.774858548629694e-05
0.0002521829112129906
8.774858548629694e-05
8.774858548629694e-05
-0.00024112006593456775
-7.668574022955121e-05
-7.668574022955121e-05
-7.668574022955121e-05
-0.00024112006593456775
8.774858548629694e-05
-7.668574022955121e-05
-7.668574022955121e-05
-7.668574022955121e-05
-7.668574022955121e-05
-0.0004055543916287527
-7.668574022955121e-05
-7.668574022955121e-05
-7.668574022955121e-05
-0.00024112006593456775
-0.00024112006593456775
-7.668574022955121e-05
-0.00024112006593456775
-0.00024112006593456775
-0.00024112006593456775
-7.668574022955121e-05
-7.668574022955121e-05
-0.00024112006593456775
8.774858548629694e-05
-7.668574022955121e-05
-0.0004055543916287527
-0.00024112006593456775
-0.00024112006593456775
8.774858548629694e-05
-7.668574022955121e-05
-0.00024112006593456775
-0.00024112006593456775
-0.00024112006593456775
-0.0004055543916287527
-7.668574022955121e-05
-0.00024112006593456775
-0.00024112006593456775
-7.668574022955121e-05
-0.00024112006593456775
-0.00024112006593456775
-0.00024112006593456775
-0.00024112006593456775
-7.668574022955121e-05
-7.668574022955121e-05
8.774858548629694e-05
-7.668574022955121e-05
-0.00024112006593456775
-0.00024112006593456775
-7.668574022955121e-05
-7.668574022955121e-05
-0.00024112006593456775
-0.00024112006593456775
-0.00024112006593456775
-7.668574022955121e-05
-0.00024112006593456775
-7.668574022955121e-05
-0.00024112006593456775
-0.00024112006593456775
-7.668574022955121e-05
-7.668574022955121e-05
-0.0004055543916287527
-0.0004055543916287527
-0.00024112006593456775
-0.00024112006593456775
-0.00024112006593456775
-7.668574022955121e-05
-7.668574022955121e-05
-0.00024112006593456775
-0.0004055543916287527
-0.00024112006593456775
-7.668574022955121e-05
-0.00024112006593456775
-0.00024112006593456775
-0.00024112006593456775
8.774858548629694e-05
-7.668574022955121e-05
-0.00024112006593456775
-0.00024112006593456775
-0.00024112006593456775
-7.668574022955121e-05
-7.668574022955121e-05
-0.00024112006593456775
-0.0004055543916287527
-0.0004055543916287527
-7.668574022955121e-05
-7.668574022955121e-05
-7.668574022955121e-05
-7.668574022955121e-05
-0.00024112006593456775
-0.00024112006593456775
-0.0004055543916287527
-0.00024112006593456775
-0.00024112006593456775
-7.668574022955121e-05
-0.0004055543916287527
-7.668574022955121e-05
-7.668574022955121e-05
-7.668574022955121e-05
-0.00024112006593456775
-0.00024112006593456775
-0.00024112006593456775
-0.00024112006593456775
8.774858548629694e-05
-7.668574022955121e-05
-0.00024112006593456775
-7.668574022955121e-05
-0.00024112006593456775
-0.00024112006593456775
-0.0004055543916287527
-7.668574022955121e-05
-7.668574022955121e-05
-7.668574022955121e-05
8.774858548629694e-05
-7.668574022955121e-05
8.774858548629694e-05
-0.00024112006593456775
-7.668574022955121e-05
8.774858548629694e-05
-7.668574022955121e-05
8.774858548629694e-05
-7.668574022955121e-05
-7.668574022955121e-05
-7.668574022955121e-05
-7.668574022955121e-05
0.0002521829112129906
-7.668574022955121e-05
-7.668574022955121e-05
-7.668574022955121e-05
-0.00024112006593456775
8.774858548629694e-05
8.774858548629694e-05
8.774858548629694e-05
8.774858548629694e-05
-7.668574022955121e-05
8.774858548629694e-05
8.774858548629694e-05
-7.668574022955121e-05
8.774858548629694e-05
0.0002521829112129906
-7.668574022955121e-05
-7.668574022955121e-05
8.774858548629694e-05
0.0002521829112129906
8.774858548629694e-05
-7.668574022955121e-05
8.774858548629694e-05
0.0002521829112129906
8.774858548629694e-05
-7.668574022955121e-05
0.0002521829112129906
0.0002521829112129906
8.774858548629694e-05
8.774858548629694e-05
8.774858548629694e-05
8.774858548629694e-05
0.0002521829112129906
0.0002521829112129906
8.774858548629694e-05
-0.00024112006593456775
8.774858548629694e-05
-7.668574022955121e-05
0.0002521829112129906
8.774858548629694e-05
8.774858548629694e-05
8.774858548629694e-05
0.0002521829112129906
0.0002521829112129906
-7.668574022955121e-05
0.0002521829112129906
-7.668574022955121e-05
0.0002521829112129906
0.0002521829112129906
-7.668574022955121e-05
8.774858548629694e-05
-7.668574022955121e-05
8.774858548629694e-05
0.0002521829112129906
0.0002521829112129906
0.0002521829112129906
8.774858548629694e-05
0.0002521829112129906
8.774858548629694e-05
-7.668574022955121e-05
0.0002521829112129906
0.0002521829112129906
0.0002521829112129906
-7.668574022955121e-05
8.774858548629694e-05
0.0002521829112129906
0.0002521829112129906
-7.668574022955121e-05
0.0002521829112129906
0.0002521829112129906
-7.668574022955121e-05
0.0002521829112129906
8.774858548629694e-05
-7.668574022955121e-05
0.0002521829112129906
8.774858548629694e-05
0.0002521829112129906
0.0002521829112129906
0.0002521829112129906
8.774858548629694e-05
0.0002521829112129906
0.0002521829112129906
8.774858548629694e-05
0.0002521829112129906
0.0002521829112129906
0.0002521829112129906
0.0002521829112129906
8.774858548629694e-05
0.0004166172369505228
0.0002521829112129906
8.774858548629694e-05
8.774858548629694e-05
-7.668574022955121e-05
0.0002521829112129906
0.0002521829112129906
0.0004166172369505228
0.0002521829112129906
8.774858548629694e-05
8.774858548629694e-05
8.774858548629694e-05
8.774858548629694e-05
-7.668574022955121e-05
0.0002521829112129906
8.774858548629694e-05
8.774858548629694e-05
0.0004166172369505228
8.774858548629694e-05
8.774858548629694e-05
0.0002521829112129906
8.774858548629694e-05
0.0002521829112129906
-7.668574022955121e-05
8.774858548629694e-05
0.0002521829112129906
-0.00024112006593456775
8.774858548629694e-05
-7.668574022955121e-05
8.774858548629694e-05
0.0002521829112129906
0.0002521829112129906
-7.668574022955121e-05
8.774858548629694e-05
8.774858548629694e-05
8.774858548629694e-05
0.0002521829112129906
8.774858548629694e-05
0.0002521829112129906
8.774858548629694e-05
-7.668574022955121e-05
0.0002521829112129906
0.0002521829112129906
-7.668574022955121e-05
8.774858548629694e-05
-0.00024112006593456775
-7.668574022955121e-05
8.774858548629694e-05
8.774858548629694e-05
8.774858548629694e-05
8.774858548629694e-05
8.774858548629694e-05
-7.668574022955121e-05
8.774858548629694e-05
0.0002521829112129906
-7.668574022955121e-05
-7.668574022955121e-05
8.774858548629694e-05
-7.668574022955121e-05
-7.668574022955121e-05
-7.668574022955121e-05
-7.668574022955121e-05
-7.668574022955121e-05
-7.668574022955121e-05
-0.00024112006593456775
-0.00024112006593456775
-7.668574022955121e-05
-7.668574022955121e-05
-0.00024112006593456775
-7.668574022955121e-05
-7.668574022955121e-05
-0.00024112006593456775
-7.668574022955121e-05
-0.00024112006593456775
-0.00024112006593456775
-7.668574022955121e-05
-0.00024112006593456775
-0.00024112006593456775
-7.668574022955121e-05
8.774858548629694e-05
-7.668574022955121e-05
-7.668574022955121e-05
-7.668574022955121e-05
-7.668574022955121e-05
8.774858548629694e-05
8.774858548629694e-05
-7.668574022955121e-05
-7.668574022955121e-05
-0.00024112006593456775
-0.00024112006593456775
-0.00024112006593456775
-0.0004055543916287527
-7.668574022955121e-05
-0.0004055543916287527
-7.668574022955121e-05
-7.668574022955121e-05
-0.00024112006593456775
8.774858548629694e-05
-0.00024112006593456775
-0.00024112006593456775
-0.00024112006593456775
-7.668574022955121e-05
-0.00024112006593456775
-0.00024112006593456775
-0.00024112006593456775
-0.00024112006593456775
-0.00024112006593456775
-7.668574022955121e-05
-0.00024112006593456775
-7.668574022955121e-05
-0.00024112006593456775
-0.00024112006593456775
-7.668574022955121e-05
-0.0004055543916287527
-0.00024112006593456775
-0.00024112006593456775
-7.668574022955121e-05
-0.00024112006593456775
-0.00024112006593456775
-0.0004055543916287527
-0.00024112006593456775
-0.00024112006593456775
-7.668574022955121e-05
-0.0004055543916287527
-0.00024112006593456775
-0.0004055543916287527
-0.00024112006593456775
-0.00024112006593456775
-7.668574022955121e-05
-0.00024112006593456775
-0.00024112006593456775
-7.668574022955121e-05
-7.668574022955121e-05
-0.0004055543916287527
-7.668574022955121e-05
-0.00024112006593456775
-0.0005699887173121199
8.774858548629694e-05
-7.668574022955121e-05
-0.0005699887173121199
-0.00024112006593456775
-0.00024112006593456775
-0.00024112006593456775
-0.00024112006593456775
-0.00024112006593456775
-7.668574022955121e-05
-0.00024112006593456775
-0.00024112006593456775
-0.00024112006593456775
-7.668574022955121e-05
-0.00024112006593456775
-0.00024112006593456775
-7.668574022955121e-05
-0.0004055543916287527
-0.00024112006593456775
-7.668574022955121e-05
-0.00024112006593456775
-0.00024112006593456775
-0.00024112006593456775
-0.00024112006593456775
-7.668574022955121e-05
-0.00024112006593456775
-7.668574022955121e-05
-7.668574022955121e-05
-0.00024112006593456775
8.774858548629694e-05
-7.668574022955121e-05
-0.00024112006593456775
-0.00024112006593456775
-0.0004055543916287527
-0.00024112006593456775
-7.668574022955121e-05
8.774858548629694e-05
-7.668574022955121e-05
-0.00024112006593456775
-7.668574022955121e-05
-7.668574022955121e-05
-0.00024112006593456775
-7.668574022955121e-05
-7.668574022955121e-05
8.774858548629694e-05
0.0002521829112129906
-0.00024112006593456775
-7.668574022955121e-05
-7.668574022955121e-05
-0.00024112006593456775
-7.668574022955121e-05
8.774858548629694e-05
-7.668574022955121e-05
-7.668574022955121e-05
0.0002521829112129906
-7.668574022955121e-05
-7.668574022955121e-05
-7.668574022955121e-05
-7.668574022955121e-05
-7.668574022955121e-05
-7.668574022955121e-05
-0.00024112006593456775
0.0004166172369505228
0.0002521829112129906
-7.668574022955121e-05
8.774858548629694e-05
8.774858548629694e-05
8.774858548629694e-05
8.774858548629694e-05
0.0002521829112129906
-7.668574022955121e-05
-7.668574022955121e-05
-7.668574022955121e-05
8.774858548629694e-05
0.0002521829112129906
8.774858548629694e-05
8.774858548629694e-05
8.774858548629694e-05
8.774858548629694e-05
0.0002521829112129906
0.0002521829112129906
8.774858548629694e-05
8.774858548629694e-05
8.774858548629694e-05
8.774858548629694e-05
0.0002521829112129906
-7.668574022955121e-05
8.774858548629694e-05
-7.668574022955121e-05
0.0004166172369505228
0.0002521829112129906
0.0002521829112129906
8.774858548629694e-05
8.774858548629694e-05
0.0002521829112129906
0.0002521829112129906
0.0002521829112129906
-7.668574022955121e-05
8.774858548629694e-05
0.0002521829112129906
8.774858548629694e-05
8.774858548629694e-05
8.774858548629694e-05
0.0002521829112129906
-7.668574022955121e-05
-7.668574022955121e-05
0.0002521829112129906
0.0002521829112129906
8.774858548629694e-05
0.0002521829112129906
8.774858548629694e-05
0.0002521829112129906
-7.668574022955121e-05
0.0002521829112129906
0.0002521829112129906
8.774858548629694e-05
-7.668574022955121e-05
0.0002521829112129906
8.774858548629694e-05
8.774858548629694e-05
0.0002521829112129906
8.774858548629694e-05
8.774858548629694e-05
8.774858548629694e-05
8.774858548629694e-05
8.774858548629694e-05
0.0002521829112129906
8.774858548629694e-05
0.0002521829112129906
0.0002521829112129906
-7.668574022955121e-05
8.774858548629694e-05
0.0002521829112129906
0.0002521829112129906
0.0004166172369505228
8.774858548629694e-05
0.0002521829112129906
-7.668574022955121e-05
0.0002521829112129906
8.774858548629694e-05
0.0002521829112129906
0.0004166172369505228
0.0002521829112129906
0.0002521829112129906
8.774858548629694e-05
8.774858548629694e-05
0.0002521829112129906
8.774858548629694e-05
8.774858548629694e-05
0.0002521829112129906
0.0002521829112129906
8.774858548629694e-05
0.0002521829112129906
0.0002521829112129906
8.774858548629694e-05
8.774858548629694e-05
0.0002521829112129906
0.0002521829112129906
8.774858548629694e-05
0.0002521829112129906
8.774858548629694e-05
8.774858548629694e-05
0.0002521829112129906
-7.668574022955121e-05
8.774858548629694e-05
8.774858548629694e-05
8.774858548629694e-05
8.774858548629694e-05
8.774858548629694e-05
8.774858548629694e-05
8.774858548629694e-05
0.0002521829112129906
8.774858548629694e-05
-7.668574022955121e-05
8.774858548629694e-05
8.774858548629694e-05
-7.668574022955121e-05
-7.668574022955121e-05
-7.668574022955121e-05
8.774858548629694e-05
8.774858548629694e-05
8.774858548629694e-05
8.774858548629694e-05
0.0002521829112129906
8.774858548629694e-05
8.774858548629694e-05
8.774858548629694e-05
-7.668574022955121e-05
0.0002521829112129906
8.774858548629694e-05
-7.668574022955121e-05
-0.00024112006593456775
-0.00024112006593456775
-7.668574022955121e-05
-7.668574022955121e-05
-7.668574022955121e-05
8.774858548629694e-05
-7.668574022955121e-05
8.774858548629694e-05
8.774858548629694e-05
8.774858548629694e-05
-0.00024112006593456775
8.774858548629694e-05
-7.668574022955121e-05
0.0002521829112129906
-0.00024112006593456775
8.774858548629694e-05
-7.668574022955121e-05
8.774858548629694e-05
-7.668574022955121e-05
-7.668574022955121e-05
-7.668574022955121e-05
-7.668574022955121e-05
-0.00024112006593456775
-0.00024112006593456775
-7.668574022955121e-05
-0.0004055543916287527
8.774858548629694e-05
-7.668574022955121e-05
-7.668574022955121e-05
-7.668574022955121e-05
-0.00024112006593456775
-7.668574022955121e-05
-7.668574022955121e-05
-0.00024112006593456775
-7.668574022955121e-05
-0.00024112006593456775
-7.668574022955121e-05
-0.00024112006593456775
-0.00024112006593456775
-7.668574022955121e-05
-0.00024112006593456775
-7.668574022955121e-05
-7.668574022955121e-05
-0.00024112006593456775
-7.668574022955121e-05
-0.00024112006593456775
-7.668574022955121e-05
-0.00024112006593456775
-7.668574022955121e-05
-0.0004055543916287527
-7.668574022955121e-05
-0.00024112006593456775
-0.00024112006593456775
-7.668574022955121e-05
8.774858548629694e-05
-0.0004055543916287527
-0.00024112006593456775
-7.668574022955121e-05
-0.00024112006593456775
-7.668574022955121e-05
-7.668574022955121e-05
-0.00024112006593456775
-0.00024112006593456775
-0.00024112006593456775
-0.0004055543916287527
-0.00024112006593456775
-0.0004055543916287527
-0.0004055543916287527
-0.00024112006593456775
-0.00024112006593456775
-0.0004055543916287527
-0.00024112006593456775
-0.00024112006593456775
-0.00024112006593456775
-0.00024112006593456775
-0.0004055543916287527
-0.0004055543916287527
-0.00024112006593456775
-0.0004055543916287527
-7.668574022955121e-05
-0.0004055543916287527
-0.0004055543916287527
-0.0004055543916287527
-0.00024112006593456775
-0.00024112006593456775
-7.668574022955121e-05
-0.00024112006593456775
-0.0004055543916287527
-0.00024112006593456775
-0.00024112006593456775
-0.00024112006593456775
-0.0004055543916287527
-0.00024112006593456775
-7.668574022955121e-05
-0.00024112006593456775
-0.0004055543916287527
-0.00024112006593456775
-0.00024112006593456775
-7.668574022955121e-05
-7.668574022955121e-05
8.774858548629694e-05
-7.668574022955121e-05
-0.00024112006593456775
-7.668574022955121e-05
-0.00024112006593456775
-0.00024112006593456775
-0.00024112006593456775
-0.00024112006593456775
-0.00024112006593456775
-0.00024112006593456775
-7.668574022955121e-05
-0.00024112006593456775
-7.668574022955121e-05
-0.00024112006593456775
-0.00024112006593456775
-0.00024112006593456775
-7.668574022955121e-05
-0.00024112006593456775
-0.00024112006593456775
8.774858548629694e-05
-7.668574022955121e-05
8.774858548629694e-05
0.0002521829112129906
8.774858548629694e-05
8.774858548629694e-05
-7.668574022955121e-05
-7.668574022955121e-05
-7.668574022955121e-05
-7.668574022955121e-05
8.774858548629694e-05
-0.00024112006593456775
-7.668574022955121e-05
-0.00024112006593456775
8.774858548629694e-05
8.774858548629694e-05
0.0004166172369505228
-7.668574022955121e-05
8.774858548629694e-05
-0.00024112006593456775
8.774858548629694e-05
8.774858548629694e-05
8.774858548629694e-05
-7.668574022955121e-05
8.774858548629694e-05
-7.668574022955121e-05
8.774858548629694e-05
-7.668574022955121e-05
-7.668574022955121e-05
-0.00024112006593456775
0.0002521829112129906
8.774858548629694e-05
0.0004166172369505228
8.774858548629694e-05
8.774858548629694e-05
0.0002521829112129906
-7.668574022955121e-05
8.774858548629694e-05
8.774858548629694e-05
0.0002521829112129906
8.774858548629694e-05
-7.668574022955121e-05
8.774858548629694e-05
-7.668574022955121e-05
8.774858548629694e-05
8.774858548629694e-05
0.0002521829112129906
-7.668574022955121e-05
0.0002521829112129906
0.0002521829112129906
8.774858548629694e-05
0.0002521829112129906
8.774858548629694e-05
8.774858548629694e-05
0.0002521829112129906
8.774858548629694e-05
0.0002521829112129906
8.774858548629694e-05
0.0002521829112129906
8.774858548629694e-05
0.0002521829112129906
-0.00024112006593456775
8.774858548629694e-05
0.0002521829112129906
0.0002521829112129906
0.0002521829112129906
8.774858548629694e-05
8.774858548629694e-05
8.774858548629694e-05
0.0002521829112129906
0.0002521829112129906
-7.668574022955121e-05
8.774858548629694e-05
0.0002521829112129906
0.0004166172369505228
8.774858548629694e-05
0.0002521829112129906
8.774858548629694e-05
0.0002521829112129906
0.0002521829112129906
8.774858548629694e-05
0.0002521829112129906
-7.668574022955121e-05
0.0002521829112129906
0.0002521829112129906
0.0004166172369505228
0.0002521829112129906
0.0002521829112129906
-7.668574022955121e-05
-7.668574022955121e-05
8.774858548629694e-05
8.774858548629694e-05
8.774858548629694e-05
-7.668574022955121e-05
0.0002521829112129906
8.774858548629694e-05
0.0002521829112129906
8.774858548629694e-05
8.774858548629694e-05
8.774858548629694e-05
0.0002521829112129906
0.0002521829112129906
8.774858548629694e-05
0.0004166172369505228
8.774858548629694e-05
0.0002521829112129906
0.0002521829112129906
0.0004166172369505228
8.774858548629694e-05
8.774858548629694e-05
0.0002521829112129906
0.0004166172369505228
-7.668574022955121e-05
0.0002521829112129906
8.774858548629694e-05
0.0002521829112129906
0.0002521829112129906
0.0002521829112129906
8.774858548629694e-05
0.0002521829112129906
8.774858548629694e-05
0.0002521829112129906
-7.668574022955121e-05
0.0002521829112129906
8.774858548629694e-05
8.774858548629694e-05
0.0002521829112129906
8.774858548629694e-05
8.774858548629694e-05
0.0002521829112129906
8.774858548629694e-05
0.0002521829112129906
-7.668574022955121e-05
0.0002521829112129906
-7.668574022955121e-05
0.0002521829112129906
-7.668574022955121e-05
0.0002521829112129906
0.0002521829112129906
8.774858548629694e-05
-0.00024112006593456775
8.774858548629694e-05
0.0002521829112129906
-7.668574022955121e-05
8.774858548629694e-05
8.774858548629694e-05
0.0002521829112129906
8.774858548629694e-05
0.0002521829112129906
-7.668574022955121e-05
-7.668574022955121e-05
8.774858548629694e-05
0.0002521829112129906
0.0002521829112129906
-7.668574022955121e-05
8.774858548629694e-05
-7.668574022955121e-05
-7.668574022955121e-05
-7.668574022955121e-05
8.774858548629694e-05
-0.00024112006593456775
-0.00024112006593456775
-7.668574022955121e-05
-7.668574022955121e-05
8.774858548629694e-05
8.774858548629694e-05
0.0002521829112129906
-7.668574022955121e-05
-7.668574022955121e-05
8.774858548629694e-05
-0.00024112006593456775
-0.00024112006593456775
-0.00024112006593456775
8.774858548629694e-05
8.774858548629694e-05
-7.668574022955121e-05
-7.668574022955121e-05
-7.668574022955121e-05
8.774858548629694e-05
-7.668574022955121e-05
-7.668574022955121e-05
-7.668574022955121e-05
-7.668574022955121e-05
-0.00024112006593456775
-7.668574022955121e-05
-7.668574022955121e-05
8.774858548629694e-05
8.774858548629694e-05
-7.668574022955121e-05
-0.00024112006593456775
-0.00024112006593456775
-7.668574022955121e-05
-0.00024112006593456775
-0.00024112006593456775
8.774858548629694e-05
-0.00024112006593456775
-0.00024112006593456775
-7.668574022955121e-05
-0.00024112006593456775
-7.668574022955121e-05
8.774858548629694e-05
-0.00024112006593456775
-7.668574022955121e-05
-7.668574022955121e-05
-0.00024112006593456775
-0.00024112006593456775
-0.00024112006593456775
-0.00024112006593456775
-0.0004055543916287527
8.774858548629694e-05
-7.668574022955121e-05
-7.668574022955121e-05
-0.00024112006593456775
-0.00024112006593456775
-0.00024112006593456775
-0.00024112006593456775
-0.00024112006593456775
-0.00024112006593456775
-0.00024112006593456775
-7.668574022955121e-05
-0.00024112006593456775
-0.00024112006593456775
-0.00024112006593456775
-0.00024112006593456775
-0.0004055543916287527
-0.00024112006593456775
-7.668574022955121e-05
-7.668574022955121e-05
-7.668574022955121e-05
-7.668574022955121e-05
-0.00024112006593456775
-0.00024112006593456775
-0.00024112006593456775
-0.00024112006593456775
-0.00024112006593456775
-0.00024112006593456775
-7.668574022955121e-05
-7.668574022955121e-05
-0.0004055543916287527
-0.00024112006593456775
-0.00024112006593456775
-7.668574022955121e-05
-0.00024112006593456775
-7.668574022955121e-05
-0.00024112006593456775
-0.0004055543916287527
-0.00024112006593456775
-7.668574022955121e-05
-0.00024112006593456775
-0.0004055543916287527
-0.00024112006593456775
-7.668574022955121e-05
-0.00024112006593456775
8.774858548629694e-05
-0.00024112006593456775
-0.00024112006593456775
-0.00024112006593456775
-7.668574022955121e-05
-7.668574022955121e-05
-0.00024112006593456775
-0.00024112006593456775
-0.00024112006593456775
-7.668574022955121e-05
-0.00024112006593456775
-7.668574022955121e-05
-0.00024112006593456775
-7.668574022955121e-05
-7.668574022955121e-05
8.774858548629694e-05
-0.0004055543916287527
-0.00024112006593456775
-0.00024112006593456775
-0.00024112006593456775
-0.00024112006593456775
-0.00024112006593456775
-7.668574022955121e-05
-0.00024112006593456775
-0.00024112006593456775
-7.668574022955121e-05
-0.00024112006593456775
-7.668574022955121e-05
-7.668574022955121e-05
-7.668574022955121e-05
-7.668574022955121e-05
-7.668574022955121e-05
-7.668574022955121e-05
8.774858548629694e-05
-0.00024112006593456775
-0.00024112006593456775
-0.00024112006593456775
-0.00024112006593456775
-7.668574022955121e-05
-7.668574022955121e-05
-7.668574022955121e-05
-7.668574022955121e-05
8.774858548629694e-05
8.774858548629694e-05
8.774858548629694e-05
-7.668574022955121e-05
8.774858548629694e-05
8.774858548629694e-05
8.774858548629694e-05
8.774858548629694e-05
-7.668574022955121e-05
8.774858548629694e-05
0.0002521829112129906
-7.668574022955121e-05
8.774858548629694e-05
-7.668574022955121e-05
0.0002521829112129906
0.0002521829112129906
0.0002521829112129906
0.0002521829112129906
8.774858548629694e-05
8.774858548629694e-05
8.774858548629694e-05
8.774858548629694e-05
8.774858548629694e-05
-7.668574022955121e-05
8.774858548629694e-05
8.774858548629694e-05
0.0002521829112129906
8.774858548629694e-05
8.774858548629694e-05
8.774858548629694e-05
8.774858548629694e-05
0.0002521829112129906
0.0002521829112129906
8.774858548629694e-05
0.0002521829112129906
0.0002521829112129906
0.0002521829112129906
8.774858548629694e-05
8.774858548629694e-05
8.774858548629694e-05
-7.668574022955121e-05
0.0002521829112129906
0.0002521829112129906
0.0002521829112129906
-7.668574022955121e-05
0.0002521829112129906
8.774858548629694e-05
8.774858548629694e-05
0.0002521829112129906
0.0002521829112129906
-7.668574022955121e-05
0.0002521829112129906
8.774858548629694e-05
0.0002521829112129906
0.0002521829112129906
0.0002521829112129906
8.774858548629694e-05
0.0002521829112129906
0.0004166172369505228
0.0002521829112129906
0.0004166172369505228
8.774858548629694e-05
8.774858548629694e-05
0.0002521829112129906
0.004363041057913693
8.774858548629694e-05
8.774858548629694e-05
8.774858548629694e-05
8.774858548629694e-05
0.0002521829112129906
8.774858548629694e-05
0.0004166172369505228
0.0002521829112129906
-0.02375522853209134
-0.06025964825561459
-0.08032063547040383
-0.10103935983067908
-0.11353636810921833
-0.1650043096166545
-0.17799462061857688
-0.1817766098896451
-0.17832348925098426
-0.194438052206622
-0.20759279743118406
-0.17371932839482174
-0.1594135428429464
-0.14198350520056163
-0.13441952657488113
-0.10942551012817481
-0.049242548660266304
-0.0017210289967927936
0.03429008857565549
0.06421713647856081
0.08838898315849758
0.1199603751613849
0.13656824302919102
0.15531375742786593
0.17537474672895884
0.2358865846794897
0.2500279384244947
0.2585785244692882
0.25594757491222836
0.2723910097148043
0.2807771615298238
0.24558821107283085
0.22634939268705176
0.20974152400117496
0.19116044338360108
0.16896180750238743
0.10351694176565912
0.051720127415855174
0.01422910063799733
-0.025728440421627648
-0.06025964825561459
-0.09906614799277877
-0.12093591246219895
-0.14231237383609538
-0.15628929081875187
-0.2133479984546552
-0.2255161377377892
-0.2319290759961303
-0.22962699559667096
-0.2468925985668994
-0.2608695152154165
-0.2278182181391926
-0.21104591804614456
-0.1949313551532639
-0.1824343471538189
-0.1615511889632739
-0.09561302727348725
-0.04496725626831858
-0.010600482563674456
0.029192624411433984
0.053693339368462024
0.08740237716619625
0.10812110310296669
0.13097747561240766
0.15054516164222914
0.21500342297326366
0.2322690290897431
0.24213508980763795
0.23950414027711736
0.25709861534291356
0.2653203327289303
0.23046025129781256
0.21352351388573368
0.19625790795818782
0.18392533239964629
0.15745140381846257
0.09693956844461574
0.04547162291066444
0.008473899211449941
-0.029674864196282298
-0.05812200206882296
-0.08360932188612105
-0.0926532095110674
-0.06667258680644603
-0.019973239073000422
-0.029017126900913966
4.937085957277313
4.949747557566626
4.949583121194482
4.949583121194482
4.949911993938896
4.949911993938896
4.949747557566626
4.949911993938896
4.950076430311292
4.949911993938896
4.949747557566626
4.949911993938896
4.949747557566626
4.949911993938896
4.949911993938896
4.949747557566626
4.949747557566626
4.949911993938896
4.949911993938896
4.949747557566626
4.949747557566626
4.949911993938896
4.949583121194482
4.949583121194482
4.949747557566626
4.949747557566626
4.949747557566626
4.949747557566626
4.949911993938896
4.949911993938896
4.949747557566626
4.949747557566626
4.949911993938896
4.949583121194482
4.949418684822461
4.949747557566626
4.949911993938896
4.949747557566626
4.949418684822461
4.949418684822461
4.949747557566626
4.949583121194482
4.949583121194482
4.949747557566626
4.949747557566626
4.949747557566626
4.949747557566626
4.949747557566626
4.949583121194482
4.949747557566626
4.949747557566626
4.949583121194482
4.949747557566626
4.949747557566626
4.949583121194482
4.949747557566626
4.949747557566626
4.949747557566626
4.949747557566626
4.949747557566626
4.949747557566626
4.949747557566626
4.949747557566626
4.949747557566626
4.949911993938896
4.949583121194482
4.949911993938896
4.949583121194482
4.949418684822461
4.949747557566626
4.949747557566626
4.949747557566626
4.949583121194482
4.949747557566626
4.949583121194482
4.949583121194482
4.949747557566626
4.949747557566626
4.949747557566626
4.949583121194482
4.949583121194482
4.949583121194482
4.949747557566626
4.949747557566626
4.949747557566626
4.949911993938896
4.949583121194482
4.949747557566626
4.949911993938896
4.950076430311292
4.949583121194482
4.949747557566626
4.949747557566626
4.949747557566626
4.949911993938896
4.949747557566626
4.949583121194482
4.949747557566626
4.949747557566626
4.949747557566626
4.949418684822461
4.949583121194482
4.949911993938896
4.950076430311292
4.949911993938896
4.949911993938896
4.949747557566626
4.949747557566626
4.949911993938896
4.949911993938896
4.950076430311292
4.949747557566626
4.949747557566626
4.949747557566626
4.949747557566626
4.949747557566626
4.949747557566626
4.949911993938896
4.949911993938896
4.949747557566626
4.949747557566626
4.949911993938896
4.950076430311292
4.950076430311292
4.950076430311292
4.949911993938896
4.950240866683813
4.950076430311292
4.949911993938896
4.949747557566626
4.949747557566626
4.949911993938896
4.949911993938896
4.949911993938896
4.949911993938896
4.949911993938896
4.949911993938896
4.949747557566626
4.949747557566626
4.949911993938896
4.949911993938896
4.950076430311292
4.949911993938896
4.950076430311292
4.949911993938896
4.949911993938896
4.949747557566626
4.949747557566626
4.949911993938896
4.949747557566626
4.949911993938896
4.949911993938896
4.949747557566626
4.950076430311292
4.949747557566626
4.950076430311292
4.950076430311292
4.950076430311292
4.950076430311292
4.950076430311292
4.950240866683813
4.949911993938896
4.950405303056457
4.949911993938896
4.950076430311292
4.950076430311292
4.950076430311292
4.950076430311292
4.950076430311292
4.949911993938896
4.950076430311292
4.950076430311292
4.950076430311292
4.950076430311292
4.949911993938896
4.949747557566626
4.949747557566626
4.950076430311292
4.950076430311292
4.950405303056457
4.949911993938896
4.950076430311292
4.950405303056457
4.950076430311292
4.950076430311292
4.949911993938896
4.950076430311292
4.949911993938896
4.950076430311292
4.949911993938896
4.950076430311292
4.950240866683813
4.950240866683813
4.950076430311292
4.949911993938896
4.950076430311292
4.949911993938896
4.950076430311292
4.950076430311292
4.950240866683813
4.950405303056457
4.949911993938896
4.950076430311292
4.950076430311292
4.949747557566626
4.949911993938896
4.949911993938896
4.950240866683813
4.950076430311292
4.949911993938896
4.950076430311292
4.949911993938896
4.949911993938896
4.949911993938896
4.950076430311292
4.950076430311292
4.949911993938896
4.950076430311292
4.950076430311292
4.949747557566626
4.949911993938896
4.949911993938896
4.950076430311292
4.949911993938896
4.949911993938896
4.949911993938896
4.950405303056457
4.949911993938896
4.950240866683813
4.950076430311292
4.949911993938896
4.950076430311292
4.950240866683813
4.950076430311292
4.950240866683813
4.949911993938896
4.949747557566626
4.949911993938896
4.950076430311292
4.950076430311292
4.950076430311292
4.949911993938896
4.950240866683813
4.950240866683813
4.950076430311292
4.949911993938896
4.950076430311292
4.949911993938896
4.949911993938896
4.950240866683813
4.949911993938896
4.949911993938896
4.949911993938896
4.949911993938896
4.949911993938896
4.949911993938896
4.949911993938896
4.949747557566626
4.949911993938896
4.950076430311292
4.950240866683813
4.949747557566626
4.949911993938896
4.949911993938896
4.949911993938896
4.949911993938896
4.949911993938896
4.949911993938896
4.949911993938896
4.949747557566626
4.949747557566626
4.949911993938896
4.949911993938896
4.949911993938896
4.949911993938896
4.949911993938896
4.949911993938896
4.949911993938896
4.949747557566626
4.949911993938896
4.949747557566626
4.949911993938896
4.949911993938896
4.949747557566626
4.949747557566626
4.949911993938896
4.949747557566626
4.950076430311292
4.949911993938896
4.949911993938896
4.949911993938896
4.949747557566626
4.949911993938896
4.949911993938896
4.950076430311292
4.949911993938896
4.949747557566626
4.949911993938896
4.949911993938896
4.949911993938896
4.949911993938896
4.949747557566626
4.950076430311292
4.949583121194482
4.949583121194482
4.949583121194482
4.949747557566626
4.949747557566626
4.950076430311292
4.949747557566626
4.949911993938896
4.949911993938896
4.949911993938896
4.949747557566626
4.949583121194482
4.949911993938896
4.949747557566626
4.949911993938896
4.949747557566626
4.949747557566626
4.949418684822461
4.949747557566626
4.949747557566626
4.949747557566626
4.949583121194482
4.949583121194482
4.949911993938896
4.949583121194482
4.949747557566626
4.949747557566626
4.949911993938896
4.949583121194482
4.949747557566626
4.949747557566626
4.949583121194482
4.949747557566626
4.949747557566626
4.949747557566626
4.949583121194482
4.949583121194482
4.949583121194482
4.949583121194482
4.949747557566626
4.949747557566626
4.949747557566626
4.949747557566626
4.949747557566626
4.949747557566626
4.949583121194482
4.949747557566626
4.949747557566626
4.949747557566626
4.949583121194482
4.949747557566626
4.949747557566626
4.949583121194482
4.949418684822461
4.949418684822461
4.949583121194482
4.949911993938896
4.949583121194482
4.949583121194482
4.949418684822461
4.949747557566626
4.949747557566626
4.949583121194482
4.949747557566626
4.949747557566626
4.949747557566626
4.949911993938896
4.949747557566626
4.949583121194482
4.949747557566626
4.949583121194482
4.949911993938896
4.949418684822461
4.949747557566626
4.949911993938896
4.949911993938896
4.949911993938896
4.949747557566626
4.949747557566626
4.949911993938896
4.950076430311292
4.949747557566626
4.949418684822461
4.949747557566626
4.949911993938896
4.949911993938896
4.949747557566626
4.949911993938896
4.949911993938896
4.949911993938896
4.949747557566626
4.950076430311292
4.950076430311292
4.950076430311292
4.949911993938896
4.949911993938896
4.949911993938896
4.949747557566626
4.949911993938896
4.950076430311292
4.949911993938896
4.949911993938896
4.950240866683813
4.949911993938896
4.950076430311292
4.950076430311292
4.949911993938896
4.950240866683813
4.950076430311292
4.950240866683813
4.949747557566626
4.950076430311292
4.950076430311292
4.950076430311292
4.949911993938896
4.950076430311292
4.949911993938896
4.950240866683813
4.950076430311292
4.950076430311292
4.950076430311292
4.949911993938896
4.949911993938896
4.950076430311292
4.950076430311292
4.950240866683813
4.950405303056457
4.950076430311292
4.950076430311292
4.950240866683813
4.950240866683813
4.950076430311292
4.949911993938896
4.949911993938896
4.950405303056457
4.950240866683813
4.950076430311292
4.950405303056457
4.950240866683813
4.950076430311292
4.950076430311292
4.950240866683813
4.949911993938896
4.950240866683813
4.949911993938896
4.949911993938896
4.950076430311292
4.950076430311292
4.949911993938896
4.950076430311292
4.950076430311292
4.950076430311292
4.950076430311292
4.950405303056457
4.950076430311292
4.950240866683813
4.950240866683813
4.949911993938896
4.949911993938896
4.950076430311292
4.950076430311292
4.949911993938896
4.950076430311292
4.950076430311292
4.950240866683813
4.950076430311292
4.949911993938896
4.950076430311292
4.950076430311292
4.950076430311292
4.950076430311292
4.950240866683813
4.950076430311292
4.950076430311292
4.950076430311292
4.950076430311292
4.950076430311292
4.950076430311292
4.949911993938896
4.950240866683813
4.950076430311292
4.950076430311292
4.950076430311292
4.950076430311292
4.949911993938896
4.950076430311292
4.950240866683813
4.949911993938896
4.949911993938896
4.949911993938896
4.949911993938896
4.950240866683813
4.950076430311292
4.949911993938896
4.950240866683813
4.950076430311292
4.949911993938896
4.950076430311292
4.950076430311292
4.949911993938896
4.949911993938896
4.949911993938896
4.949911993938896
4.950076430311292
4.950076430311292
4.950076430311292
4.950076430311292
4.950076430311292
4.949911993938896
4.950240866683813
4.949747557566626
4.950076430311292
4.949911993938896
4.950076430311292
4.949747557566626
4.949911993938896
4.949747557566626
4.949911993938896
4.950076430311292
4.950076430311292
4.950076430311292
4.950076430311292
4.949911993938896
4.950076430311292
4.949911993938896
4.949747557566626
4.950076430311292
4.949911993938896
4.950076430311292
4.950076430311292
4.950076430311292
4.949911993938896
4.949911993938896
4.950076430311292
4.949911993938896
4.949911993938896
4.950076430311292
4.949911993938896
4.949911993938896
4.949911993938896
4.950076430311292
4.949911993938896
4.950076430311292
4.950076430311292
4.949911993938896
4.950240866683813
4.950076430311292
4.950240866683813
4.949911993938896
4.949911993938896
4.949911993938896
4.950076430311292
4.950076430311292
4.949747557566626
4.950240866683813
4.949911993938896
4.949911993938896
4.949911993938896
4.949747557566626
4.949911993938896
4.949911993938896
4.949911993938896
4.949911993938896
4.950076430311292
4.950076430311292
4.949583121194482
4.949911993938896
4.949747557566626
4.949747557566626
4.949911993938896
4.950076430311292
4.949747557566626
4.949911993938896
4.949911993938896
4.949747557566626
4.949911993938896
4.950076430311292
4.949911993938896
4.949911993938896
4.949911993938896
4.949911993938896
4.950076430311292
4.949911993938896
4.949911993938896
4.949911993938896
4.949418684822461
4.949747557566626
4.949747557566626
4.949911993938896
4.949911993938896
4.949747557566626
4.949747557566626
4.949911993938896
4.949747557566626
4.949583121194482
4.949747557566626
4.949747557566626
4.949911993938896
4.949747557566626
4.949747557566626
4.949911993938896
4.949747557566626
4.949911993938896
4.949747557566626
4.949747557566626
4.949747557566626
4.949747557566626
4.949747557566626
4.949747557566626
4.949747557566626
4.949747557566626
4.949911993938896
4.949583121194482
4.949747557566626
4.949747557566626
4.949747557566626
4.949747557566626
4.949747557566626
4.949747557566626
4.949911993938896
4.949911993938896
4.949747557566626
4.949911993938896
4.949747557566626
4.949747557566626
4.950076430311292
4.949911993938896
4.949911993938896
4.949747557566626
4.949747557566626
4.949747557566626
4.949747557566626
4.949747557566626
4.949747557566626
4.949747557566626
4.949911993938896
4.950076430311292
4.949747557566626
4.949911993938896
4.949911993938896
4.949583121194482
4.949911993938896
4.950076430311292
4.949911993938896
4.949747557566626
4.949747557566626
4.949911993938896
4.949911993938896
4.949911993938896
4.949911993938896
4.950076430311292
4.949747557566626
4.950076430311292
4.949747557566626
4.949911993938896
4.949911993938896
4.949418684822461
4.949747557566626
4.949911993938896
4.949747557566626
4.949911993938896
4.949747557566626
4.949747557566626
4.949911993938896
4.949911993938896
4.949747557566626
4.949911993938896
4.949911993938896
4.949747557566626
4.949911993938896
4.949911993938896
4.949911993938896
4.949911993938896
4.949911993938896
4.949911993938896
4.949911993938896
4.950076430311292
4.950076430311292
4.949911993938896
4.950240866683813
4.950076430311292
4.949911993938896
4.949911993938896
4.949911993938896
4.950076430311292
4.949911993938896
4.949747557566626
4.949747557566626
4.949747557566626
4.950076430311292
4.950240866683813
4.950076430311292
4.949911993938896
4.949911993938896
4.950076430311292
4.949911993938896
4.949911993938896
4.950076430311292
4.949911993938896
4.949911993938896
4.950240866683813
4.949911993938896
4.949911993938896
4.950076430311292
4.949747557566626
4.949911993938896
4.950076430311292
4.950076430311292
4.950076430311292
4.950405303056457
4.950076430311292
4.949911993938896
4.950076430311292
4.949911993938896
4.950076430311292
4.950076430311292
4.949911993938896
4.949911993938896
4.950076430311292
4.949911993938896
4.950240866683813
4.949911993938896
4.950076430311292
4.949911993938896
4.950076430311292
4.949911993938896
4.949911993938896
4.949911993938896
4.949911993938896
4.950405303056457
4.950076430311292
4.950076430311292
4.950076430311292
4.950240866683813
4.949911993938896
4.950240866683813
4.950076430311292
4.950076430311292
4.949911993938896
4.950076430311292
4.950240866683813
4.950240866683813
4.950076430311292
4.950240866683813
4.949911993938896
4.950240866683813
4.950076430311292
4.950076430311292
4.949911993938896
4.950076430311292
4.949911993938896
4.950076430311292
4.950076430311292
4.950405303056457
4.950076430311292
4.950076430311292
4.949911993938896
4.949911993938896
4.949747557566626
4.950076430311292
4.949911993938896
4.949911993938896
4.949911993938896
4.949911993938896
4.950076430311292
4.949911993938896
4.950076430311292
4.949911993938896
4.950405303056457
4.950076430311292
4.950076430311292
4.950076430311292
4.949911993938896
4.950076430311292
4.949911993938896
4.950076430311292
4.949911993938896
4.950076430311292
4.949911993938896
4.949911993938896
4.950076430311292
4.949911993938896
4.950076430311292
4.950240866683813
4.949911993938896
4.949911993938896
4.950076430311292
4.949747557566626
4.950076430311292
4.949911993938896
4.949911993938896
4.950240866683813
4.950076430311292
4.949911993938896
4.949911993938896
4.950076430311292
4.949747557566626
4.949911993938896
4.949911993938896
4.949747557566626
4.949747557566626
4.949747557566626
4.949747557566626
4.949911993938896
4.949747557566626
4.949583121194482
4.949747557566626
4.949747557566626
4.949911993938896
4.949911993938896
4.949583121194482
4.949747557566626
4.949747557566626
4.949911993938896
4.949911993938896
4.949747557566626
4.949911993938896
4.949747557566626
4.950076430311292
4.949911993938896
4.949747557566626
4.949747557566626
4.949747557566626
4.949747557566626
4.949747557566626
4.949747557566626
4.949583121194482
4.949747557566626
4.949747557566626
4.949747557566626
4.949747557566626
4.949747557566626
4.949747557566626
4.949747557566626
4.949747557566626
4.949747557566626
4.949747557566626
4.949747557566626
4.949747557566626
4.949747557566626
4.949583121194482
4.949911993938896
4.949911993938896
4.949583121194482
4.949747557566626
4.949747557566626
4.949583121194482
4.949583121194482
4.949911993938896
4.949747557566626
4.949583121194482
4.949747557566626
4.949911993938896
4.949583121194482
4.949747557566626
4.949747557566626
4.949747557566626
4.949583121194482
4.949747557566626
4.949418684822461
4.949418684822461
4.949583121194482
4.949747557566626
4.949418684822461
4.949583121194482
4.949747557566626
4.949583121194482
4.949747557566626
4.949747557566626
4.949583121194482
4.949418684822461
4.949418684822461
4.949583121194482
4.949583121194482
4.949418684822461
4.949747557566626
4.949418684822461
4.949747557566626
4.949583121194482
4.949583121194482
4.949583121194482
4.949583121194482
4.949583121194482
4.949747557566626
4.949583121194482
4.949747557566626
4.949747557566626
4.949583121194482
4.949747557566626
4.949583121194482
4.949747557566626
4.949418684822461
4.949418684822461
4.949747557566626
4.949747557566626
4.949583121194482
4.949418684822461
4.949911993938896
4.949747557566626
4.949911993938896
4.949583121194482
4.949747557566626
4.949583121194482
4.949583121194482
4.949911993938896
4.949747557566626
4.949747557566626
4.949583121194482
4.949583121194482
4.949583121194482
4.949747557566626
4.949747557566626
4.949911993938896
4.949747557566626
4.949583121194482
4.949747557566626
4.949911993938896
4.949911993938896
4.949911993938896
4.949747557566626
4.949747557566626
4.949747557566626
4.949747557566626
4.949583121194482
4.949747557566626
4.949583121194482
4.949747557566626
4.949747557566626
4.949583121194482
4.949911993938896
4.949911993938896
4.949747557566626
4.949747557566626
4.949911993938896
4.949911993938896
4.949911993938896
4.949911993938896
4.949911993938896
4.949747557566626
4.949583121194482
4.949911993938896
4.949911993938896
4.949911993938896
4.949911993938896
4.949911993938896
4.949747557566626
4.949747557566626
4.949747557566626
4.949747557566626
4.949747557566626
4.949911993938896
4.949911993938896
4.949747557566626
4.950076430311292
4.950076430311292
4.950076430311292
4.949747557566626
4.949911993938896
4.950076430311292
4.949911993938896
4.949747557566626
4.950076430311292
4.949911993938896
4.949911993938896
4.949911993938896
4.949911993938896
4.949747557566626
4.950076430311292
4.950076430311292
4.950076430311292
4.949747557566626
4.949911993938896
4.950076430311292
4.949747557566626
4.949747557566626
4.949911993938896
4.950076430311292
4.950240866683813
4.949911993938896
4.949911993938896
4.949747557566626
4.949911993938896
4.950076430311292
4.949911993938896
4.949911993938896
4.950240866683813
4.950076430311292
4.949911993938896
4.950076430311292
4.949911993938896
4.950076430311292
4.949747557566626
4.950076430311292
4.950076430311292
4.949911993938896
4.949747557566626
4.949911993938896
4.950076430311292
4.950076430311292
4.950076430311292
4.949911993938896
4.949747557566626
4.950240866683813
4.950076430311292
4.950076430311292
4.949911993938896
4.949911993938896
4.949911993938896
4.950076430311292
4.950076430311292
4.949747557566626
4.950076430311292
4.949911993938896
4.950076430311292
4.950076430311292
4.949911993938896
4.949747557566626
4.950076430311292
4.949911993938896
4.949911993938896
4.950076430311292
4.950076430311292
4.950076430311292
4.950076430311292
4.950076430311292
4.950240866683813
4.950076430311292
4.950405303056457
4.950240866683813
4.950076430311292
4.949911993938896
4.949911993938896
4.950240866683813
4.949911993938896
4.949911993938896
4.949911993938896
4.949911993938896
4.950076430311292
4.950076430311292
4.950076430311292
4.950240866683813
4.950240866683813
4.950076430311292
4.949911993938896
4.949911993938896
4.950076430311292
4.950240866683813
4.950076430311292
4.950405303056457
4.950076430311292
4.950076430311292
4.950076430311292
4.949911993938896
4.949911993938896
4.950076430311292
4.949911993938896
4.950240866683813
4.950076430311292
4.949911993938896
4.950240866683813
4.950076430311292
4.949911993938896
4.950076430311292
4.949911993938896
4.949911993938896
4.949911993938896
4.949911993938896
4.949911993938896
4.949747557566626
4.949911993938896
4.949911993938896
4.949911993938896
4.949911993938896
4.949911993938896
4.949911993938896
4.949747557566626
4.949911993938896
4.949911993938896
4.949911993938896
4.949911993938896
4.949747557566626
4.950076430311292
4.949747557566626
4.949911993938896
4.949911993938896
4.949911993938896
4.949747557566626
4.949747557566626
4.949911993938896
4.949747557566626
4.949747557566626
4.949747557566626
4.949747557566626
4.949747557566626
4.949583121194482
4.949911993938896
4.949747557566626
4.949911993938896
4.949747557566626
4.949747557566626
4.949747557566626
4.949583121194482
4.949747557566626
4.949747557566626
4.949747557566626
4.949747557566626
4.949747557566626
4.949911993938896
4.949583121194482
4.949747557566626
4.949747557566626
4.949911993938896
4.949911993938896
4.950076430311292
